t1-0,proof_byte,0,xor01_froma8,DESERIALIZE_REJECTED
t1-0,proof_byte,1,xor01_from20,VERIFY_REJECTED
t1-0,proof_byte,2,xor01_from7b,DESERIALIZE_REJECTED
t1-0,proof_byte,3,xor01_fromdc,VERIFY_REJECTED
t1-0,proof_byte,4,xor01_from0c,DESERIALIZE_REJECTED
t1-0,proof_byte,5,xor01_fromc1,DESERIALIZE_REJECTED
t1-0,proof_byte,6,xor01_from96,VERIFY_REJECTED
t1-0,proof_byte,7,xor01_from9a,DESERIALIZE_REJECTED
t1-0,proof_byte,8,xor01_from7c,VERIFY_REJECTED
t1-0,proof_byte,9,xor01_from6e,DESERIALIZE_REJECTED
t1-0,proof_byte,10,xor01_fromb2,DESERIALIZE_REJECTED
t1-0,proof_byte,11,xor01_from37,VERIFY_REJECTED
t1-0,proof_byte,12,xor01_from65,DESERIALIZE_REJECTED
t1-0,proof_byte,13,xor01_fromf0,VERIFY_REJECTED
t1-0,proof_byte,14,xor01_from78,VERIFY_REJECTED
t1-0,proof_byte,15,xor01_from94,VERIFY_REJECTED
t1-0,proof_byte,16,xor01_fromf0,VERIFY_REJECTED
t1-0,proof_byte,17,xor01_fromdf,VERIFY_REJECTED
t1-0,proof_byte,18,xor01_from9b,VERIFY_REJECTED
t1-0,proof_byte,19,xor01_fromff,VERIFY_REJECTED
t1-0,proof_byte,20,xor01_frombf,VERIFY_REJECTED
t1-0,proof_byte,21,xor01_fromd8,DESERIALIZE_REJECTED
t1-0,proof_byte,22,xor01_fromf7,VERIFY_REJECTED
t1-0,proof_byte,23,xor01_from0f,VERIFY_REJECTED
t1-0,proof_byte,24,xor01_from32,DESERIALIZE_REJECTED
t1-0,proof_byte,25,xor01_from7a,VERIFY_REJECTED
t1-0,proof_byte,26,xor01_fromfa,VERIFY_REJECTED
t1-0,proof_byte,27,xor01_from50,VERIFY_REJECTED
t1-0,proof_byte,28,xor01_from29,DESERIALIZE_REJECTED
t1-0,proof_byte,29,xor01_from45,VERIFY_REJECTED
t1-0,proof_byte,30,xor01_from1a,DESERIALIZE_REJECTED
t1-0,proof_byte,31,xor01_from52,DESERIALIZE_REJECTED
t1-0,proof_byte,32,xor01_frome7,DESERIALIZE_REJECTED
t1-0,proof_byte,33,xor01_from35,DESERIALIZE_REJECTED
t1-0,proof_byte,34,xor01_fromf9,DESERIALIZE_REJECTED
t1-0,proof_byte,35,xor01_fromc0,DESERIALIZE_REJECTED
t1-0,proof_byte,36,xor01_from4d,DESERIALIZE_REJECTED
t1-0,proof_byte,37,xor01_from85,DESERIALIZE_REJECTED
t1-0,proof_byte,38,xor01_from91,DESERIALIZE_REJECTED
t1-0,proof_byte,39,xor01_from4d,DESERIALIZE_REJECTED
t1-0,proof_byte,40,xor01_from4a,DESERIALIZE_REJECTED
t1-0,proof_byte,41,xor01_fromab,DESERIALIZE_REJECTED
t1-0,proof_byte,42,xor01_fromeb,DESERIALIZE_REJECTED
t1-0,proof_byte,43,xor01_fromf7,DESERIALIZE_REJECTED
t1-0,proof_byte,44,xor01_from4a,DESERIALIZE_REJECTED
t1-0,proof_byte,45,xor01_fromcd,DESERIALIZE_REJECTED
t1-0,proof_byte,46,xor01_from08,DESERIALIZE_REJECTED
t1-0,proof_byte,47,xor01_from5f,DESERIALIZE_REJECTED
t1-0,proof_byte,48,xor01_from23,DESERIALIZE_REJECTED
t1-0,proof_byte,49,xor01_from2b,DESERIALIZE_REJECTED
t1-0,proof_byte,50,xor01_from4f,DESERIALIZE_REJECTED
t1-0,proof_byte,51,xor01_froma7,DESERIALIZE_REJECTED
t1-0,proof_byte,52,xor01_fromb3,DESERIALIZE_REJECTED
t1-0,proof_byte,53,xor01_from80,DESERIALIZE_REJECTED
t1-0,proof_byte,54,xor01_fromca,DESERIALIZE_REJECTED
t1-0,proof_byte,55,xor01_fromd9,DESERIALIZE_REJECTED
t1-0,proof_byte,56,xor01_froma9,DESERIALIZE_REJECTED
t1-0,proof_byte,57,xor01_fromcb,DESERIALIZE_REJECTED
t1-0,proof_byte,58,xor01_fromef,DESERIALIZE_REJECTED
t1-0,proof_byte,59,xor01_fromd3,DESERIALIZE_REJECTED
t1-0,proof_byte,60,xor01_from07,DESERIALIZE_REJECTED
t1-0,proof_byte,61,xor01_from57,DESERIALIZE_REJECTED
t1-0,proof_byte,62,xor01_from1b,DESERIALIZE_REJECTED
t1-0,proof_byte,63,xor01_from4e,DESERIALIZE_REJECTED
t1-0,proof_byte,64,xor01_from04,DESERIALIZE_REJECTED
t1-0,proof_byte,65,xor01_from1f,DESERIALIZE_REJECTED
t1-0,proof_byte,66,xor01_from7e,DESERIALIZE_REJECTED
t1-0,proof_byte,67,xor01_fromea,DESERIALIZE_REJECTED
t1-0,proof_byte,68,xor01_from05,DESERIALIZE_REJECTED
t1-0,proof_byte,69,xor01_from97,DESERIALIZE_REJECTED
t1-0,proof_byte,70,xor01_from68,DESERIALIZE_REJECTED
t1-0,proof_byte,71,xor01_frome3,DESERIALIZE_REJECTED
t1-0,proof_byte,72,xor01_from12,DESERIALIZE_REJECTED
t1-0,proof_byte,73,xor01_from9b,DESERIALIZE_REJECTED
t1-0,proof_byte,74,xor01_from3c,DESERIALIZE_REJECTED
t1-0,proof_byte,75,xor01_fromc1,DESERIALIZE_REJECTED
t1-0,proof_byte,76,xor01_fromc3,DESERIALIZE_REJECTED
t1-0,proof_byte,77,xor01_fromd5,DESERIALIZE_REJECTED
t1-0,proof_byte,78,xor01_from82,DESERIALIZE_REJECTED
t1-0,proof_byte,79,xor01_from7c,DESERIALIZE_REJECTED
t1-0,proof_byte,80,xor01_from7f,DESERIALIZE_REJECTED
t1-0,proof_byte,81,xor01_from61,DESERIALIZE_REJECTED
t1-0,proof_byte,82,xor01_frome2,DESERIALIZE_REJECTED
t1-0,proof_byte,83,xor01_from8d,DESERIALIZE_REJECTED
t1-0,proof_byte,84,xor01_from99,DESERIALIZE_REJECTED
t1-0,proof_byte,85,xor01_from67,DESERIALIZE_REJECTED
t1-0,proof_byte,86,xor01_from88,DESERIALIZE_REJECTED
t1-0,proof_byte,87,xor01_from58,DESERIALIZE_REJECTED
t1-0,proof_byte,88,xor01_froma0,DESERIALIZE_REJECTED
t1-0,proof_byte,89,xor01_from4a,DESERIALIZE_REJECTED
t1-0,proof_byte,90,xor01_from24,DESERIALIZE_REJECTED
t1-0,proof_byte,91,xor01_from06,DESERIALIZE_REJECTED
t1-0,proof_byte,92,xor01_fromea,DESERIALIZE_REJECTED
t1-0,proof_byte,93,xor01_from3e,DESERIALIZE_REJECTED
t1-0,proof_byte,94,xor01_from5a,DESERIALIZE_REJECTED
t1-0,proof_byte,95,xor01_from43,DESERIALIZE_REJECTED
t1-0,proof_byte,96,xor01_fromce,VERIFY_REJECTED
t1-0,proof_byte,97,xor01_fromb6,DESERIALIZE_REJECTED
t1-0,proof_byte,98,xor01_froma2,DESERIALIZE_REJECTED
t1-0,proof_byte,99,xor01_fromd4,DESERIALIZE_REJECTED
t1-0,proof_byte,100,xor01_from32,VERIFY_REJECTED
t1-0,proof_byte,101,xor01_from71,DESERIALIZE_REJECTED
t1-0,proof_byte,102,xor01_from17,VERIFY_REJECTED
t1-0,proof_byte,103,xor01_from4b,DESERIALIZE_REJECTED
t1-0,proof_byte,104,xor01_from0b,VERIFY_REJECTED
t1-0,proof_byte,105,xor01_fromc9,DESERIALIZE_REJECTED
t1-0,proof_byte,106,xor01_frombf,DESERIALIZE_REJECTED
t1-0,proof_byte,107,xor01_from43,VERIFY_REJECTED
t1-0,proof_byte,108,xor01_from8a,DESERIALIZE_REJECTED
t1-0,proof_byte,109,xor01_from0b,VERIFY_REJECTED
t1-0,proof_byte,110,xor01_from28,VERIFY_REJECTED
t1-0,proof_byte,111,xor01_fromae,VERIFY_REJECTED
t1-0,proof_byte,112,xor01_from2b,VERIFY_REJECTED
t1-0,proof_byte,113,xor01_from6a,DESERIALIZE_REJECTED
t1-0,proof_byte,114,xor01_from7d,VERIFY_REJECTED
t1-0,proof_byte,115,xor01_from2b,VERIFY_REJECTED
t1-0,proof_byte,116,xor01_frome0,VERIFY_REJECTED
t1-0,proof_byte,117,xor01_from02,DESERIALIZE_REJECTED
t1-0,proof_byte,118,xor01_fromac,DESERIALIZE_REJECTED
t1-0,proof_byte,119,xor01_fromb9,VERIFY_REJECTED
t1-0,proof_byte,120,xor01_from72,DESERIALIZE_REJECTED
t1-0,proof_byte,121,xor01_from5a,DESERIALIZE_REJECTED
t1-0,proof_byte,122,xor01_from7d,DESERIALIZE_REJECTED
t1-0,proof_byte,123,xor01_from3a,VERIFY_REJECTED
t1-0,proof_byte,124,xor01_from39,VERIFY_REJECTED
t1-0,proof_byte,125,xor01_fromdc,VERIFY_REJECTED
t1-0,proof_byte,126,xor01_fromc9,DESERIALIZE_REJECTED
t1-0,proof_byte,127,xor01_fromae,VERIFY_REJECTED
t1-0,proof_byte,128,xor01_from00,DESERIALIZE_REJECTED
t1-0,proof_byte,129,xor01_from00,DESERIALIZE_REJECTED
t1-0,proof_byte,130,xor01_from00,DESERIALIZE_REJECTED
t1-0,proof_byte,131,xor01_from01,VERIFY_REJECTED
t1-0,proof_byte,132,xor01_from8f,DESERIALIZE_REJECTED
t1-0,proof_byte,133,xor01_from14,DESERIALIZE_REJECTED
t1-0,proof_byte,134,xor01_from0b,DESERIALIZE_REJECTED
t1-0,proof_byte,135,xor01_from86,VERIFY_REJECTED
t1-0,proof_byte,136,xor01_fromb7,DESERIALIZE_REJECTED
t1-0,proof_byte,137,xor01_fromd5,DESERIALIZE_REJECTED
t1-0,proof_byte,138,xor01_from05,VERIFY_REJECTED
t1-0,proof_byte,139,xor01_from02,VERIFY_REJECTED
t1-0,proof_byte,140,xor01_from61,DESERIALIZE_REJECTED
t1-0,proof_byte,141,xor01_fromd8,DESERIALIZE_REJECTED
t1-0,proof_byte,142,xor01_from49,DESERIALIZE_REJECTED
t1-0,proof_byte,143,xor01_fromce,DESERIALIZE_REJECTED
t1-0,proof_byte,144,xor01_from11,VERIFY_REJECTED
t1-0,proof_byte,145,xor01_from45,DESERIALIZE_REJECTED
t1-0,proof_byte,146,xor01_from81,DESERIALIZE_REJECTED
t1-0,proof_byte,147,xor01_from75,DESERIALIZE_REJECTED
t1-0,proof_byte,148,xor01_from1a,DESERIALIZE_REJECTED
t1-0,proof_byte,149,xor01_from6f,VERIFY_REJECTED
t1-0,proof_byte,150,xor01_from95,DESERIALIZE_REJECTED
t1-0,proof_byte,151,xor01_from46,VERIFY_REJECTED
t1-0,proof_byte,152,xor01_fromb8,VERIFY_REJECTED
t1-0,proof_byte,153,xor01_from22,VERIFY_REJECTED
t1-0,proof_byte,154,xor01_from4a,DESERIALIZE_REJECTED
t1-0,proof_byte,155,xor01_fromab,DESERIALIZE_REJECTED
t1-0,proof_byte,156,xor01_from24,DESERIALIZE_REJECTED
t1-0,proof_byte,157,xor01_from43,DESERIALIZE_REJECTED
t1-0,proof_byte,158,xor01_fromc5,VERIFY_REJECTED
t1-0,proof_byte,159,xor01_from30,VERIFY_REJECTED
t1-0,proof_byte,160,xor01_fromad,DESERIALIZE_REJECTED
t1-0,proof_byte,161,xor01_from37,DESERIALIZE_REJECTED
t1-0,proof_byte,162,xor01_fromc0,VERIFY_REJECTED
t1-0,proof_byte,163,xor01_from7e,DESERIALIZE_REJECTED
t1-0,proof_byte,164,xor01_frome0,DESERIALIZE_REJECTED
t1-0,proof_byte,165,xor01_fromcd,VERIFY_REJECTED
t1-0,proof_byte,166,xor01_fromdc,VERIFY_REJECTED
t1-0,proof_byte,167,xor01_frome0,VERIFY_REJECTED
t1-0,proof_byte,168,xor01_from35,DESERIALIZE_REJECTED
t1-0,proof_byte,169,xor01_fromfd,DESERIALIZE_REJECTED
t1-0,proof_byte,170,xor01_from0e,VERIFY_REJECTED
t1-0,proof_byte,171,xor01_from47,DESERIALIZE_REJECTED
t1-0,proof_byte,172,xor01_from6b,DESERIALIZE_REJECTED
t1-0,proof_byte,173,xor01_fromab,DESERIALIZE_REJECTED
t1-0,proof_byte,174,xor01_from15,VERIFY_REJECTED
t1-0,proof_byte,175,xor01_from71,VERIFY_REJECTED
t1-0,proof_byte,176,xor01_from86,VERIFY_REJECTED
t1-0,proof_byte,177,xor01_from09,DESERIALIZE_REJECTED
t1-0,proof_byte,178,xor01_from70,DESERIALIZE_REJECTED
t1-0,proof_byte,179,xor01_from2f,VERIFY_REJECTED
t1-0,proof_byte,180,xor01_from1d,DESERIALIZE_REJECTED
t1-0,proof_byte,181,xor01_from1c,VERIFY_REJECTED
t1-0,proof_byte,182,xor01_from28,DESERIALIZE_REJECTED
t1-0,proof_byte,183,xor01_from56,VERIFY_REJECTED
t1-0,proof_byte,184,xor01_froma2,DESERIALIZE_REJECTED
t1-0,proof_byte,185,xor01_from0c,VERIFY_REJECTED
t1-0,proof_byte,186,xor01_from76,DESERIALIZE_REJECTED
t1-0,proof_byte,187,xor01_from74,VERIFY_REJECTED
t1-0,proof_byte,188,xor01_from58,DESERIALIZE_REJECTED
t1-0,proof_byte,189,xor01_fromd3,VERIFY_REJECTED
t1-0,proof_byte,190,xor01_from74,VERIFY_REJECTED
t1-0,proof_byte,191,xor01_fromf8,DESERIALIZE_REJECTED
t1-0,proof_byte,192,xor01_from8e,VERIFY_REJECTED
t1-0,proof_byte,193,xor01_from1a,DESERIALIZE_REJECTED
t1-0,proof_byte,194,xor01_from6a,DESERIALIZE_REJECTED
t1-0,proof_byte,195,xor01_froma7,DESERIALIZE_REJECTED
