t1-0,proof_byte,0,xor01_fromae,DESERIALIZE_REJECTED
t1-0,proof_byte,1,xor01_fromc8,VERIFY_REJECTED
t1-0,proof_byte,2,xor01_from70,VERIFY_REJECTED
t1-0,proof_byte,3,xor01_from7c,DESERIALIZE_REJECTED
t1-0,proof_byte,4,xor01_from0a,DESERIALIZE_REJECTED
t1-0,proof_byte,5,xor01_from92,DESERIALIZE_REJECTED
t1-0,proof_byte,6,xor01_from49,VERIFY_REJECTED
t1-0,proof_byte,7,xor01_from13,DESERIALIZE_REJECTED
t1-0,proof_byte,8,xor01_fromad,DESERIALIZE_REJECTED
t1-0,proof_byte,9,xor01_from1e,VERIFY_REJECTED
t1-0,proof_byte,10,xor01_from9b,VERIFY_REJECTED
t1-0,proof_byte,11,xor01_from40,DESERIALIZE_REJECTED
t1-0,proof_byte,12,xor01_from53,DESERIALIZE_REJECTED
t1-0,proof_byte,13,xor01_frome8,VERIFY_REJECTED
t1-0,proof_byte,14,xor01_fromf6,DESERIALIZE_REJECTED
t1-0,proof_byte,15,xor01_from60,DESERIALIZE_REJECTED
t1-0,proof_byte,16,xor01_from53,DESERIALIZE_REJECTED
t1-0,proof_byte,17,xor01_froma9,DESERIALIZE_REJECTED
t1-0,proof_byte,18,xor01_from5d,VERIFY_REJECTED
t1-0,proof_byte,19,xor01_fromba,DESERIALIZE_REJECTED
t1-0,proof_byte,20,xor01_from4d,VERIFY_REJECTED
t1-0,proof_byte,21,xor01_from35,DESERIALIZE_REJECTED
t1-0,proof_byte,22,xor01_from3a,VERIFY_REJECTED
t1-0,proof_byte,23,xor01_from83,DESERIALIZE_REJECTED
t1-0,proof_byte,24,xor01_from30,VERIFY_REJECTED
t1-0,proof_byte,25,xor01_from44,VERIFY_REJECTED
t1-0,proof_byte,26,xor01_fromc1,DESERIALIZE_REJECTED
t1-0,proof_byte,27,xor01_from0d,DESERIALIZE_REJECTED
t1-0,proof_byte,28,xor01_froma9,VERIFY_REJECTED
t1-0,proof_byte,29,xor01_from06,VERIFY_REJECTED
t1-0,proof_byte,30,xor01_from09,VERIFY_REJECTED
t1-0,proof_byte,31,xor01_from20,DESERIALIZE_REJECTED
t1-0,proof_byte,32,xor01_from87,VERIFY_REJECTED
t1-0,proof_byte,33,xor01_from63,DESERIALIZE_REJECTED
t1-0,proof_byte,34,xor01_fromce,DESERIALIZE_REJECTED
t1-0,proof_byte,35,xor01_from8f,DESERIALIZE_REJECTED
t1-0,proof_byte,36,xor01_fromf8,DESERIALIZE_REJECTED
t1-0,proof_byte,37,xor01_from10,DESERIALIZE_REJECTED
t1-0,proof_byte,38,xor01_from6a,VERIFY_REJECTED
t1-0,proof_byte,39,xor01_from22,DESERIALIZE_REJECTED
t1-0,proof_byte,40,xor01_from33,DESERIALIZE_REJECTED
t1-0,proof_byte,41,xor01_from88,DESERIALIZE_REJECTED
t1-0,proof_byte,42,xor01_fromd7,VERIFY_REJECTED
t1-0,proof_byte,43,xor01_from35,VERIFY_REJECTED
t1-0,proof_byte,44,xor01_from7e,DESERIALIZE_REJECTED
t1-0,proof_byte,45,xor01_from17,VERIFY_REJECTED
t1-0,proof_byte,46,xor01_froma7,DESERIALIZE_REJECTED
t1-0,proof_byte,47,xor01_from6a,VERIFY_REJECTED
t1-0,proof_byte,48,xor01_frombd,VERIFY_REJECTED
t1-0,proof_byte,49,xor01_from8f,DESERIALIZE_REJECTED
t1-0,proof_byte,50,xor01_fromb2,DESERIALIZE_REJECTED
t1-0,proof_byte,51,xor01_from06,VERIFY_REJECTED
t1-0,proof_byte,52,xor01_from78,VERIFY_REJECTED
t1-0,proof_byte,53,xor01_fromed,DESERIALIZE_REJECTED
t1-0,proof_byte,54,xor01_fromb2,VERIFY_REJECTED
t1-0,proof_byte,55,xor01_from35,VERIFY_REJECTED
t1-0,proof_byte,56,xor01_from92,DESERIALIZE_REJECTED
t1-0,proof_byte,57,xor01_from6b,DESERIALIZE_REJECTED
t1-0,proof_byte,58,xor01_from1e,DESERIALIZE_REJECTED
t1-0,proof_byte,59,xor01_from2b,DESERIALIZE_REJECTED
t1-0,proof_byte,60,xor01_from55,DESERIALIZE_REJECTED
t1-0,proof_byte,61,xor01_fromd2,DESERIALIZE_REJECTED
t1-0,proof_byte,62,xor01_from27,VERIFY_REJECTED
t1-0,proof_byte,63,xor01_from42,VERIFY_REJECTED
t1-0,proof_byte,64,xor01_fromd5,DESERIALIZE_REJECTED
t1-0,proof_byte,65,xor01_fromda,DESERIALIZE_REJECTED
t1-0,proof_byte,66,xor01_fromd2,VERIFY_REJECTED
t1-0,proof_byte,67,xor01_from08,VERIFY_REJECTED
t1-0,proof_byte,68,xor01_from96,VERIFY_REJECTED
t1-0,proof_byte,69,xor01_fromae,VERIFY_REJECTED
t1-0,proof_byte,70,xor01_from7b,VERIFY_REJECTED
t1-0,proof_byte,71,xor01_from54,DESERIALIZE_REJECTED
t1-0,proof_byte,72,xor01_frombc,DESERIALIZE_REJECTED
t1-0,proof_byte,73,xor01_from48,VERIFY_REJECTED
t1-0,proof_byte,74,xor01_froma8,DESERIALIZE_REJECTED
t1-0,proof_byte,75,xor01_from3b,DESERIALIZE_REJECTED
t1-0,proof_byte,76,xor01_fromcf,DESERIALIZE_REJECTED
t1-0,proof_byte,77,xor01_from7c,VERIFY_REJECTED
t1-0,proof_byte,78,xor01_from8b,DESERIALIZE_REJECTED
t1-0,proof_byte,79,xor01_from43,VERIFY_REJECTED
t1-0,proof_byte,80,xor01_from57,VERIFY_REJECTED
t1-0,proof_byte,81,xor01_from04,VERIFY_REJECTED
t1-0,proof_byte,82,xor01_from0f,DESERIALIZE_REJECTED
t1-0,proof_byte,83,xor01_from6f,VERIFY_REJECTED
t1-0,proof_byte,84,xor01_fromea,VERIFY_REJECTED
t1-0,proof_byte,85,xor01_fromd3,DESERIALIZE_REJECTED
t1-0,proof_byte,86,xor01_from7a,VERIFY_REJECTED
t1-0,proof_byte,87,xor01_from72,VERIFY_REJECTED
t1-0,proof_byte,88,xor01_fromf2,VERIFY_REJECTED
t1-0,proof_byte,89,xor01_fromb4,VERIFY_REJECTED
t1-0,proof_byte,90,xor01_from5a,DESERIALIZE_REJECTED
t1-0,proof_byte,91,xor01_fromd9,VERIFY_REJECTED
t1-0,proof_byte,92,xor01_fromdf,VERIFY_REJECTED
t1-0,proof_byte,93,xor01_frombd,VERIFY_REJECTED
t1-0,proof_byte,94,xor01_from55,VERIFY_REJECTED
t1-0,proof_byte,95,xor01_fromc4,DESERIALIZE_REJECTED
t1-0,proof_byte,96,xor01_fromb0,DESERIALIZE_REJECTED
t1-0,proof_byte,97,xor01_from37,VERIFY_REJECTED
t1-0,proof_byte,98,xor01_froma2,VERIFY_REJECTED
t1-0,proof_byte,99,xor01_from6d,VERIFY_REJECTED
t1-0,proof_byte,100,xor01_from4f,VERIFY_REJECTED
t1-0,proof_byte,101,xor01_from3e,VERIFY_REJECTED
t1-0,proof_byte,102,xor01_frome7,DESERIALIZE_REJECTED
t1-0,proof_byte,103,xor01_fromaf,DESERIALIZE_REJECTED
t1-0,proof_byte,104,xor01_from28,DESERIALIZE_REJECTED
t1-0,proof_byte,105,xor01_from4b,DESERIALIZE_REJECTED
t1-0,proof_byte,106,xor01_from17,DESERIALIZE_REJECTED
t1-0,proof_byte,107,xor01_from14,VERIFY_REJECTED
t1-0,proof_byte,108,xor01_fromcf,DESERIALIZE_REJECTED
t1-0,proof_byte,109,xor01_from45,VERIFY_REJECTED
t1-0,proof_byte,110,xor01_from14,DESERIALIZE_REJECTED
t1-0,proof_byte,111,xor01_fromaf,VERIFY_REJECTED
t1-0,proof_byte,112,xor01_from64,VERIFY_REJECTED
t1-0,proof_byte,113,xor01_from7a,VERIFY_REJECTED
t1-0,proof_byte,114,xor01_from51,DESERIALIZE_REJECTED
t1-0,proof_byte,115,xor01_from4d,DESERIALIZE_REJECTED
t1-0,proof_byte,116,xor01_from9a,DESERIALIZE_REJECTED
t1-0,proof_byte,117,xor01_from40,VERIFY_REJECTED
t1-0,proof_byte,118,xor01_from44,DESERIALIZE_REJECTED
t1-0,proof_byte,119,xor01_from0e,VERIFY_REJECTED
t1-0,proof_byte,120,xor01_from6b,VERIFY_REJECTED
t1-0,proof_byte,121,xor01_from00,DESERIALIZE_REJECTED
t1-0,proof_byte,122,xor01_from66,VERIFY_REJECTED
t1-0,proof_byte,123,xor01_fromac,DESERIALIZE_REJECTED
t1-0,proof_byte,124,xor01_from2f,DESERIALIZE_REJECTED
t1-0,proof_byte,125,xor01_from65,DESERIALIZE_REJECTED
t1-0,proof_byte,126,xor01_from38,DESERIALIZE_REJECTED
t1-0,proof_byte,127,xor01_fromef,DESERIALIZE_REJECTED
t1-0,proof_byte,128,xor01_from98,DESERIALIZE_REJECTED
t1-0,proof_byte,129,xor01_from94,DESERIALIZE_REJECTED
t1-0,proof_byte,130,xor01_fromdf,DESERIALIZE_REJECTED
t1-0,proof_byte,131,xor01_from43,VERIFY_REJECTED
t1-0,proof_byte,132,xor01_from26,VERIFY_REJECTED
t1-0,proof_byte,133,xor01_from4d,DESERIALIZE_REJECTED
t1-0,proof_byte,134,xor01_from33,VERIFY_REJECTED
t1-0,proof_byte,135,xor01_from33,VERIFY_REJECTED
t1-0,proof_byte,136,xor01_fromee,DESERIALIZE_REJECTED
t1-0,proof_byte,137,xor01_froma8,DESERIALIZE_REJECTED
t1-0,proof_byte,138,xor01_froma7,DESERIALIZE_REJECTED
t1-0,proof_byte,139,xor01_fromf8,VERIFY_REJECTED
t1-0,proof_byte,140,xor01_from54,DESERIALIZE_REJECTED
t1-0,proof_byte,141,xor01_fromb7,DESERIALIZE_REJECTED
t1-0,proof_byte,142,xor01_from0f,DESERIALIZE_REJECTED
t1-0,proof_byte,143,xor01_from90,DESERIALIZE_REJECTED
t1-0,proof_byte,144,xor01_from31,VERIFY_REJECTED
t1-0,proof_byte,145,xor01_fromb9,VERIFY_REJECTED
t1-0,proof_byte,146,xor01_from4f,DESERIALIZE_REJECTED
t1-0,proof_byte,147,xor01_fromc8,VERIFY_REJECTED
t1-0,proof_byte,148,xor01_from74,VERIFY_REJECTED
t1-0,proof_byte,149,xor01_from7d,VERIFY_REJECTED
t1-0,proof_byte,150,xor01_froma7,VERIFY_REJECTED
t1-0,proof_byte,151,xor01_from2d,VERIFY_REJECTED
t1-0,proof_byte,152,xor01_from7c,VERIFY_REJECTED
t1-0,proof_byte,153,xor01_fromf1,VERIFY_REJECTED
t1-0,proof_byte,154,xor01_from10,DESERIALIZE_REJECTED
t1-0,proof_byte,155,xor01_from96,VERIFY_REJECTED
t1-0,proof_byte,156,xor01_from21,VERIFY_REJECTED
t1-0,proof_byte,157,xor01_from4f,VERIFY_REJECTED
t1-0,proof_byte,158,xor01_froma7,VERIFY_REJECTED
t1-0,proof_byte,159,xor01_from2b,DESERIALIZE_REJECTED
t1-0,proof_byte,160,xor01_fromed,VERIFY_REJECTED
t1-0,proof_byte,161,xor01_from2e,DESERIALIZE_REJECTED
t1-0,proof_byte,162,xor01_froma2,DESERIALIZE_REJECTED
t1-0,proof_byte,163,xor01_from1d,VERIFY_REJECTED
t1-0,proof_byte,164,xor01_from4f,DESERIALIZE_REJECTED
t1-0,proof_byte,165,xor01_from9f,VERIFY_REJECTED
t1-0,proof_byte,166,xor01_from8e,VERIFY_REJECTED
t1-0,proof_byte,167,xor01_from4a,VERIFY_REJECTED
t1-0,proof_byte,168,xor01_frombf,VERIFY_REJECTED
t1-0,proof_byte,169,xor01_fromed,DESERIALIZE_REJECTED
t1-0,proof_byte,170,xor01_fromee,DESERIALIZE_REJECTED
t1-0,proof_byte,171,xor01_frombe,VERIFY_REJECTED
t1-0,proof_byte,172,xor01_fromce,DESERIALIZE_REJECTED
t1-0,proof_byte,173,xor01_fromc2,VERIFY_REJECTED
t1-0,proof_byte,174,xor01_from6f,DESERIALIZE_REJECTED
t1-0,proof_byte,175,xor01_from10,DESERIALIZE_REJECTED
t1-0,proof_byte,176,xor01_fromeb,VERIFY_REJECTED
t1-0,proof_byte,177,xor01_from99,VERIFY_REJECTED
t1-0,proof_byte,178,xor01_from3c,VERIFY_REJECTED
t1-0,proof_byte,179,xor01_from75,DESERIALIZE_REJECTED
t1-0,proof_byte,180,xor01_from8c,VERIFY_REJECTED
t1-0,proof_byte,181,xor01_from73,VERIFY_REJECTED
t1-0,proof_byte,182,xor01_from6f,VERIFY_REJECTED
t1-0,proof_byte,183,xor01_from86,DESERIALIZE_REJECTED
t1-0,proof_byte,184,xor01_fromc6,DESERIALIZE_REJECTED
t1-0,proof_byte,185,xor01_fromb5,DESERIALIZE_REJECTED
t1-0,proof_byte,186,xor01_from4a,DESERIALIZE_REJECTED
t1-0,proof_byte,187,xor01_from9e,DESERIALIZE_REJECTED
t1-0,proof_byte,188,xor01_from67,DESERIALIZE_REJECTED
t1-0,proof_byte,189,xor01_from95,DESERIALIZE_REJECTED
t1-0,proof_byte,190,xor01_from77,VERIFY_REJECTED
t1-0,proof_byte,191,xor01_from20,DESERIALIZE_REJECTED
t1-0,proof_byte,192,xor01_froma4,DESERIALIZE_REJECTED
t1-0,proof_byte,193,xor01_from31,VERIFY_REJECTED
t1-0,proof_byte,194,xor01_from85,VERIFY_REJECTED
t1-0,proof_byte,195,xor01_from08,DESERIALIZE_REJECTED
t1-0,proof_byte,196,xor01_frome5,VERIFY_REJECTED
t1-0,proof_byte,197,xor01_fromf5,VERIFY_REJECTED
t1-0,proof_byte,198,xor01_from91,VERIFY_REJECTED
t1-0,proof_byte,199,xor01_frome9,DESERIALIZE_REJECTED
t1-0,proof_byte,200,xor01_frome8,DESERIALIZE_REJECTED
t1-0,proof_byte,201,xor01_fromf4,VERIFY_REJECTED
t1-0,proof_byte,202,xor01_from3f,DESERIALIZE_REJECTED
t1-0,proof_byte,203,xor01_from7d,VERIFY_REJECTED
t1-0,proof_byte,204,xor01_from21,VERIFY_REJECTED
t1-0,proof_byte,205,xor01_from71,DESERIALIZE_REJECTED
t1-0,proof_byte,206,xor01_from1b,DESERIALIZE_REJECTED
t1-0,proof_byte,207,xor01_from1c,DESERIALIZE_REJECTED
t1-0,proof_byte,208,xor01_from47,VERIFY_REJECTED
t1-0,proof_byte,209,xor01_fromb7,DESERIALIZE_REJECTED
t1-0,proof_byte,210,xor01_from51,VERIFY_REJECTED
t1-0,proof_byte,211,xor01_from4d,VERIFY_REJECTED
t1-0,proof_byte,212,xor01_from3b,VERIFY_REJECTED
t1-0,proof_byte,213,xor01_from83,VERIFY_REJECTED
t1-0,proof_byte,214,xor01_frombf,DESERIALIZE_REJECTED
t1-0,proof_byte,215,xor01_frome6,VERIFY_REJECTED
t1-0,proof_byte,216,xor01_fromb5,DESERIALIZE_REJECTED
t1-0,proof_byte,217,xor01_from74,DESERIALIZE_REJECTED
t1-0,proof_byte,218,xor01_fromde,VERIFY_REJECTED
t1-0,proof_byte,219,xor01_fromfe,DESERIALIZE_REJECTED
t1-0,proof_byte,220,xor01_fromc1,DESERIALIZE_REJECTED
t1-0,proof_byte,221,xor01_froma1,VERIFY_REJECTED
t1-0,proof_byte,222,xor01_from8e,DESERIALIZE_REJECTED
t1-0,proof_byte,223,xor01_from78,DESERIALIZE_REJECTED
t1-0,proof_byte,224,xor01_fromdf,VERIFY_REJECTED
t1-0,proof_byte,225,xor01_fromc9,VERIFY_REJECTED
t1-0,proof_byte,226,xor01_from86,DESERIALIZE_REJECTED
t1-0,proof_byte,227,xor01_from9e,DESERIALIZE_REJECTED
t1-0,proof_byte,228,xor01_from16,VERIFY_REJECTED
t1-0,proof_byte,229,xor01_from49,DESERIALIZE_REJECTED
t1-0,proof_byte,230,xor01_fromef,VERIFY_REJECTED
t1-0,proof_byte,231,xor01_froma5,VERIFY_REJECTED
t1-0,proof_byte,232,xor01_from2e,DESERIALIZE_REJECTED
t1-0,proof_byte,233,xor01_from2f,VERIFY_REJECTED
t1-0,proof_byte,234,xor01_froma1,VERIFY_REJECTED
t1-0,proof_byte,235,xor01_fromdd,VERIFY_REJECTED
t1-0,proof_byte,236,xor01_froma2,DESERIALIZE_REJECTED
t1-0,proof_byte,237,xor01_from55,DESERIALIZE_REJECTED
t1-0,proof_byte,238,xor01_fromaf,DESERIALIZE_REJECTED
t1-0,proof_byte,239,xor01_from1a,VERIFY_REJECTED
t1-0,proof_byte,240,xor01_from07,DESERIALIZE_REJECTED
t1-0,proof_byte,241,xor01_from0e,DESERIALIZE_REJECTED
t1-0,proof_byte,242,xor01_from5b,VERIFY_REJECTED
t1-0,proof_byte,243,xor01_fromd4,VERIFY_REJECTED
t1-0,proof_byte,244,xor01_fromb8,DESERIALIZE_REJECTED
t1-0,proof_byte,245,xor01_from4b,DESERIALIZE_REJECTED
t1-0,proof_byte,246,xor01_from3d,DESERIALIZE_REJECTED
t1-0,proof_byte,247,xor01_from83,DESERIALIZE_REJECTED
t1-0,proof_byte,248,xor01_from65,VERIFY_REJECTED
t1-0,proof_byte,249,xor01_from0f,VERIFY_REJECTED
t1-0,proof_byte,250,xor01_fromf8,VERIFY_REJECTED
t1-0,proof_byte,251,xor01_from92,DESERIALIZE_REJECTED
t1-0,proof_byte,252,xor01_fromae,DESERIALIZE_REJECTED
t1-0,proof_byte,253,xor01_fromab,VERIFY_REJECTED
t1-0,proof_byte,254,xor01_from0d,DESERIALIZE_REJECTED
t1-0,proof_byte,255,xor01_from93,VERIFY_REJECTED
t1-0,proof_byte,256,xor01_from00,DESERIALIZE_REJECTED
t1-0,proof_byte,257,xor01_from00,DESERIALIZE_REJECTED
t1-0,proof_byte,258,xor01_from00,DESERIALIZE_REJECTED
t1-0,proof_byte,259,xor01_from07,DESERIALIZE_REJECTED
t1-0,proof_byte,260,xor01_from06,VERIFY_REJECTED
t1-0,proof_byte,261,xor01_frome4,VERIFY_REJECTED
t1-0,proof_byte,262,xor01_fromfd,VERIFY_REJECTED
t1-0,proof_byte,263,xor01_fromaa,VERIFY_REJECTED
t1-0,proof_byte,264,xor01_from7d,VERIFY_REJECTED
t1-0,proof_byte,265,xor01_from84,VERIFY_REJECTED
t1-0,proof_byte,266,xor01_fromeb,VERIFY_REJECTED
t1-0,proof_byte,267,xor01_from9f,VERIFY_REJECTED
t1-0,proof_byte,268,xor01_from9a,VERIFY_REJECTED
t1-0,proof_byte,269,xor01_frome9,VERIFY_REJECTED
t1-0,proof_byte,270,xor01_fromba,VERIFY_REJECTED
t1-0,proof_byte,271,xor01_fromfd,VERIFY_REJECTED
t1-0,proof_byte,272,xor01_from50,VERIFY_REJECTED
t1-0,proof_byte,273,xor01_from66,VERIFY_REJECTED
t1-0,proof_byte,274,xor01_from07,VERIFY_REJECTED
t1-0,proof_byte,275,xor01_from17,VERIFY_REJECTED
t1-0,proof_byte,276,xor01_fromea,VERIFY_REJECTED
t1-0,proof_byte,277,xor01_from3e,VERIFY_REJECTED
t1-0,proof_byte,278,xor01_from26,VERIFY_REJECTED
t1-0,proof_byte,279,xor01_from84,VERIFY_REJECTED
t1-0,proof_byte,280,xor01_from5c,VERIFY_REJECTED
t1-0,proof_byte,281,xor01_from16,VERIFY_REJECTED
t1-0,proof_byte,282,xor01_from24,VERIFY_REJECTED
t1-0,proof_byte,283,xor01_from4d,VERIFY_REJECTED
t1-0,proof_byte,284,xor01_from0a,VERIFY_REJECTED
t1-0,proof_byte,285,xor01_from77,VERIFY_REJECTED
t1-0,proof_byte,286,xor01_fromcb,VERIFY_REJECTED
t1-0,proof_byte,287,xor01_fromf7,VERIFY_REJECTED
t1-0,proof_byte,288,xor01_from7f,VERIFY_REJECTED
t1-0,proof_byte,289,xor01_fromf4,VERIFY_REJECTED
t1-0,proof_byte,290,xor01_from99,VERIFY_REJECTED
t1-0,proof_byte,291,xor01_fromad,VERIFY_REJECTED
t1-0,proof_byte,292,xor01_from1a,VERIFY_REJECTED
t1-0,proof_byte,293,xor01_from71,VERIFY_REJECTED
t1-0,proof_byte,294,xor01_from64,VERIFY_REJECTED
t1-0,proof_byte,295,xor01_fromb1,VERIFY_REJECTED
t1-0,proof_byte,296,xor01_fromd8,VERIFY_REJECTED
t1-0,proof_byte,297,xor01_fromf8,VERIFY_REJECTED
t1-0,proof_byte,298,xor01_frome4,VERIFY_REJECTED
t1-0,proof_byte,299,xor01_from93,VERIFY_REJECTED
t1-0,proof_byte,300,xor01_from4c,VERIFY_REJECTED
t1-0,proof_byte,301,xor01_from18,VERIFY_REJECTED
t1-0,proof_byte,302,xor01_from9c,VERIFY_REJECTED
t1-0,proof_byte,303,xor01_from23,VERIFY_REJECTED
t1-0,proof_byte,304,xor01_from81,VERIFY_REJECTED
t1-0,proof_byte,305,xor01_from0c,VERIFY_REJECTED
t1-0,proof_byte,306,xor01_fromb3,VERIFY_REJECTED
t1-0,proof_byte,307,xor01_fromf6,VERIFY_REJECTED
t1-0,proof_byte,308,xor01_from1a,VERIFY_REJECTED
t1-0,proof_byte,309,xor01_fromad,VERIFY_REJECTED
t1-0,proof_byte,310,xor01_from70,VERIFY_REJECTED
t1-0,proof_byte,311,xor01_from4b,VERIFY_REJECTED
t1-0,proof_byte,312,xor01_fromb9,VERIFY_REJECTED
t1-0,proof_byte,313,xor01_fromac,VERIFY_REJECTED
t1-0,proof_byte,314,xor01_from5a,VERIFY_REJECTED
t1-0,proof_byte,315,xor01_frome5,VERIFY_REJECTED
t1-0,proof_byte,316,xor01_from45,VERIFY_REJECTED
t1-0,proof_byte,317,xor01_from7e,VERIFY_REJECTED
t1-0,proof_byte,318,xor01_from1c,VERIFY_REJECTED
t1-0,proof_byte,319,xor01_fromf5,VERIFY_REJECTED
t1-0,proof_byte,320,xor01_froma8,VERIFY_REJECTED
t1-0,proof_byte,321,xor01_from10,VERIFY_REJECTED
t1-0,proof_byte,322,xor01_fromcf,VERIFY_REJECTED
t1-0,proof_byte,323,xor01_from3d,VERIFY_REJECTED
t1-0,proof_byte,324,xor01_from29,VERIFY_REJECTED
t1-0,proof_byte,325,xor01_fromd0,VERIFY_REJECTED
t1-0,proof_byte,326,xor01_from87,VERIFY_REJECTED
t1-0,proof_byte,327,xor01_from00,VERIFY_REJECTED
t1-0,proof_byte,328,xor01_frombf,VERIFY_REJECTED
t1-0,proof_byte,329,xor01_from63,VERIFY_REJECTED
t1-0,proof_byte,330,xor01_fromf5,VERIFY_REJECTED
t1-0,proof_byte,331,xor01_from55,VERIFY_REJECTED
t1-0,proof_byte,332,xor01_fromaa,VERIFY_REJECTED
t1-0,proof_byte,333,xor01_from13,VERIFY_REJECTED
t1-0,proof_byte,334,xor01_from09,VERIFY_REJECTED
t1-0,proof_byte,335,xor01_from6f,VERIFY_REJECTED
t1-0,proof_byte,336,xor01_fromce,VERIFY_REJECTED
t1-0,proof_byte,337,xor01_from81,VERIFY_REJECTED
t1-0,proof_byte,338,xor01_from70,VERIFY_REJECTED
t1-0,proof_byte,339,xor01_fromdb,VERIFY_REJECTED
t1-0,proof_byte,340,xor01_fromdb,VERIFY_REJECTED
t1-0,proof_byte,341,xor01_fromeb,VERIFY_REJECTED
t1-0,proof_byte,342,xor01_from26,VERIFY_REJECTED
t1-0,proof_byte,343,xor01_from2a,VERIFY_REJECTED
t1-0,proof_byte,344,xor01_froma5,VERIFY_REJECTED
t1-0,proof_byte,345,xor01_from6a,VERIFY_REJECTED
t1-0,proof_byte,346,xor01_from36,VERIFY_REJECTED
t1-0,proof_byte,347,xor01_from19,VERIFY_REJECTED
t1-0,proof_byte,348,xor01_from08,VERIFY_REJECTED
t1-0,proof_byte,349,xor01_from76,VERIFY_REJECTED
t1-0,proof_byte,350,xor01_from26,VERIFY_REJECTED
t1-0,proof_byte,351,xor01_frombd,VERIFY_REJECTED
t1-0,proof_byte,352,xor01_fromd3,VERIFY_REJECTED
t1-0,proof_byte,353,xor01_from8f,VERIFY_REJECTED
t1-0,proof_byte,354,xor01_fromab,VERIFY_REJECTED
t1-0,proof_byte,355,xor01_from52,VERIFY_REJECTED
t1-0,proof_byte,356,xor01_from1f,VERIFY_REJECTED
t1-0,proof_byte,357,xor01_fromfc,VERIFY_REJECTED
t1-0,proof_byte,358,xor01_from2c,VERIFY_REJECTED
t1-0,proof_byte,359,xor01_from92,VERIFY_REJECTED
t1-0,proof_byte,360,xor01_from7c,VERIFY_REJECTED
t1-0,proof_byte,361,xor01_fromef,VERIFY_REJECTED
t1-0,proof_byte,362,xor01_from10,VERIFY_REJECTED
t1-0,proof_byte,363,xor01_fromcd,VERIFY_REJECTED
t1-0,proof_byte,364,xor01_fromaf,VERIFY_REJECTED
t1-0,proof_byte,365,xor01_froma2,VERIFY_REJECTED
t1-0,proof_byte,366,xor01_fromfe,VERIFY_REJECTED
t1-0,proof_byte,367,xor01_fromc2,VERIFY_REJECTED
t1-0,proof_byte,368,xor01_fromd1,VERIFY_REJECTED
t1-0,proof_byte,369,xor01_fromd9,VERIFY_REJECTED
t1-0,proof_byte,370,xor01_froma7,VERIFY_REJECTED
t1-0,proof_byte,371,xor01_from26,VERIFY_REJECTED
t1-0,proof_byte,372,xor01_from30,VERIFY_REJECTED
t1-0,proof_byte,373,xor01_fromdf,VERIFY_REJECTED
t1-0,proof_byte,374,xor01_fromca,VERIFY_REJECTED
t1-0,proof_byte,375,xor01_frome7,VERIFY_REJECTED
t1-0,proof_byte,376,xor01_fromb3,VERIFY_REJECTED
t1-0,proof_byte,377,xor01_fromf7,VERIFY_REJECTED
t1-0,proof_byte,378,xor01_from03,VERIFY_REJECTED
t1-0,proof_byte,379,xor01_frombe,VERIFY_REJECTED
t1-0,proof_byte,380,xor01_fromb8,VERIFY_REJECTED
t1-0,proof_byte,381,xor01_fromef,VERIFY_REJECTED
t1-0,proof_byte,382,xor01_from7e,VERIFY_REJECTED
t1-0,proof_byte,383,xor01_fromd5,VERIFY_REJECTED
t1-0,proof_byte,384,xor01_fromd0,VERIFY_REJECTED
t1-0,proof_byte,385,xor01_from8d,VERIFY_REJECTED
t1-0,proof_byte,386,xor01_from32,VERIFY_REJECTED
t1-0,proof_byte,387,xor01_fromfb,VERIFY_REJECTED
t1-0,proof_byte,388,xor01_from01,VERIFY_REJECTED
t1-0,proof_byte,389,xor01_from5c,VERIFY_REJECTED
t1-0,proof_byte,390,xor01_from38,VERIFY_REJECTED
t1-0,proof_byte,391,xor01_from5f,VERIFY_REJECTED
t1-0,proof_byte,392,xor01_from6d,VERIFY_REJECTED
t1-0,proof_byte,393,xor01_from0b,VERIFY_REJECTED
t1-0,proof_byte,394,xor01_fromb9,VERIFY_REJECTED
t1-0,proof_byte,395,xor01_from0a,VERIFY_REJECTED
t1-0,proof_byte,396,xor01_fromf1,VERIFY_REJECTED
t1-0,proof_byte,397,xor01_from49,VERIFY_REJECTED
t1-0,proof_byte,398,xor01_from03,VERIFY_REJECTED
t1-0,proof_byte,399,xor01_from0c,VERIFY_REJECTED
t1-0,proof_byte,400,xor01_fromdb,VERIFY_REJECTED
t1-0,proof_byte,401,xor01_from29,VERIFY_REJECTED
t1-0,proof_byte,402,xor01_from78,VERIFY_REJECTED
t1-0,proof_byte,403,xor01_fromca,VERIFY_REJECTED
t1-0,proof_byte,404,xor01_from5a,VERIFY_REJECTED
t1-0,proof_byte,405,xor01_from2d,VERIFY_REJECTED
t1-0,proof_byte,406,xor01_fromb9,VERIFY_REJECTED
t1-0,proof_byte,407,xor01_fromb2,VERIFY_REJECTED
t1-0,proof_byte,408,xor01_from06,VERIFY_REJECTED
t1-0,proof_byte,409,xor01_fromc2,VERIFY_REJECTED
t1-0,proof_byte,410,xor01_from84,VERIFY_REJECTED
t1-0,proof_byte,411,xor01_from7b,VERIFY_REJECTED
t1-0,proof_byte,412,xor01_fromb0,VERIFY_REJECTED
t1-0,proof_byte,413,xor01_fromd4,VERIFY_REJECTED
t1-0,proof_byte,414,xor01_fromca,VERIFY_REJECTED
t1-0,proof_byte,415,xor01_fromc5,VERIFY_REJECTED
t1-0,proof_byte,416,xor01_from13,VERIFY_REJECTED
t1-0,proof_byte,417,xor01_fromac,VERIFY_REJECTED
t1-0,proof_byte,418,xor01_from31,VERIFY_REJECTED
t1-0,proof_byte,419,xor01_from12,VERIFY_REJECTED
t1-0,proof_byte,420,xor01_from0e,VERIFY_REJECTED
t1-0,proof_byte,421,xor01_fromcc,VERIFY_REJECTED
t1-0,proof_byte,422,xor01_from63,VERIFY_REJECTED
t1-0,proof_byte,423,xor01_frome4,VERIFY_REJECTED
t1-0,proof_byte,424,xor01_frome7,VERIFY_REJECTED
t1-0,proof_byte,425,xor01_fromfd,VERIFY_REJECTED
t1-0,proof_byte,426,xor01_from34,VERIFY_REJECTED
t1-0,proof_byte,427,xor01_from94,VERIFY_REJECTED
t1-0,proof_byte,428,xor01_from3b,VERIFY_REJECTED
t1-0,proof_byte,429,xor01_from68,VERIFY_REJECTED
t1-0,proof_byte,430,xor01_from0a,VERIFY_REJECTED
t1-0,proof_byte,431,xor01_from47,VERIFY_REJECTED
t1-0,proof_byte,432,xor01_from0f,VERIFY_REJECTED
t1-0,proof_byte,433,xor01_fromfa,VERIFY_REJECTED
t1-0,proof_byte,434,xor01_from6f,VERIFY_REJECTED
t1-0,proof_byte,435,xor01_from14,VERIFY_REJECTED
t1-0,proof_byte,436,xor01_from54,VERIFY_REJECTED
t1-0,proof_byte,437,xor01_from6a,VERIFY_REJECTED
t1-0,proof_byte,438,xor01_fromde,VERIFY_REJECTED
t1-0,proof_byte,439,xor01_from32,VERIFY_REJECTED
t1-0,proof_byte,440,xor01_fromc1,VERIFY_REJECTED
t1-0,proof_byte,441,xor01_from15,VERIFY_REJECTED
t1-0,proof_byte,442,xor01_from50,VERIFY_REJECTED
t1-0,proof_byte,443,xor01_from21,VERIFY_REJECTED
t1-0,proof_byte,444,xor01_from28,VERIFY_REJECTED
t1-0,proof_byte,445,xor01_from55,VERIFY_REJECTED
t1-0,proof_byte,446,xor01_fromd6,VERIFY_REJECTED
t1-0,proof_byte,447,xor01_from4a,VERIFY_REJECTED
t1-0,proof_byte,448,xor01_fromd6,VERIFY_REJECTED
t1-0,proof_byte,449,xor01_from61,VERIFY_REJECTED
t1-0,proof_byte,450,xor01_fromc3,VERIFY_REJECTED
t1-0,proof_byte,451,xor01_from2f,VERIFY_REJECTED
t1-0,proof_byte,452,xor01_from14,VERIFY_REJECTED
t1-0,proof_byte,453,xor01_from09,VERIFY_REJECTED
t1-0,proof_byte,454,xor01_from1c,VERIFY_REJECTED
t1-0,proof_byte,455,xor01_fromdc,VERIFY_REJECTED
t1-0,proof_byte,456,xor01_from13,VERIFY_REJECTED
t1-0,proof_byte,457,xor01_fromee,VERIFY_REJECTED
t1-0,proof_byte,458,xor01_fromc0,VERIFY_REJECTED
t1-0,proof_byte,459,xor01_from30,VERIFY_REJECTED
t1-0,proof_byte,460,xor01_from46,VERIFY_REJECTED
t1-0,proof_byte,461,xor01_fromc7,VERIFY_REJECTED
t1-0,proof_byte,462,xor01_from4c,VERIFY_REJECTED
t1-0,proof_byte,463,xor01_from4f,VERIFY_REJECTED
t1-0,proof_byte,464,xor01_from19,VERIFY_REJECTED
t1-0,proof_byte,465,xor01_from72,VERIFY_REJECTED
t1-0,proof_byte,466,xor01_from0c,VERIFY_REJECTED
t1-0,proof_byte,467,xor01_frome7,VERIFY_REJECTED
t1-0,proof_byte,468,xor01_from92,VERIFY_REJECTED
t1-0,proof_byte,469,xor01_from4e,VERIFY_REJECTED
t1-0,proof_byte,470,xor01_from88,VERIFY_REJECTED
t1-0,proof_byte,471,xor01_from37,VERIFY_REJECTED
t1-0,proof_byte,472,xor01_fromd9,VERIFY_REJECTED
t1-0,proof_byte,473,xor01_from00,VERIFY_REJECTED
t1-0,proof_byte,474,xor01_frome5,VERIFY_REJECTED
t1-0,proof_byte,475,xor01_fromb4,VERIFY_REJECTED
t1-0,proof_byte,476,xor01_from0d,VERIFY_REJECTED
t1-0,proof_byte,477,xor01_fromad,VERIFY_REJECTED
t1-0,proof_byte,478,xor01_fromc3,VERIFY_REJECTED
t1-0,proof_byte,479,xor01_from6c,VERIFY_REJECTED
t1-0,proof_byte,480,xor01_fromdf,VERIFY_REJECTED
t1-0,proof_byte,481,xor01_from7f,VERIFY_REJECTED
t1-0,proof_byte,482,xor01_fromca,VERIFY_REJECTED
t1-0,proof_byte,483,xor01_from46,VERIFY_REJECTED
t1-0,proof_byte,484,xor01_from8a,VERIFY_REJECTED
t1-0,proof_byte,485,xor01_frome6,VERIFY_REJECTED
t1-0,proof_byte,486,xor01_from76,VERIFY_REJECTED
t1-0,proof_byte,487,xor01_from50,DESERIALIZE_REJECTED
t1-0,proof_byte,488,xor01_from96,DESERIALIZE_REJECTED
t1-0,proof_byte,489,xor01_from33,VERIFY_REJECTED
t1-0,proof_byte,490,xor01_froma2,DESERIALIZE_REJECTED
t1-0,proof_byte,491,xor01_from51,DESERIALIZE_REJECTED
t1-0,proof_byte,492,xor01_from05,DESERIALIZE_REJECTED
t1-0,proof_byte,493,xor01_from0b,VERIFY_REJECTED
t1-0,proof_byte,494,xor01_fromac,VERIFY_REJECTED
t1-0,proof_byte,495,xor01_froma6,VERIFY_REJECTED
t1-0,proof_byte,496,xor01_from8f,DESERIALIZE_REJECTED
t1-0,proof_byte,497,xor01_from45,VERIFY_REJECTED
t1-0,proof_byte,498,xor01_from2e,DESERIALIZE_REJECTED
t1-0,proof_byte,499,xor01_from84,DESERIALIZE_REJECTED
t1-0,proof_byte,500,xor01_from48,DESERIALIZE_REJECTED
t1-0,proof_byte,501,xor01_from9d,VERIFY_REJECTED
t1-0,proof_byte,502,xor01_from3d,VERIFY_REJECTED
t1-0,proof_byte,503,xor01_from12,DESERIALIZE_REJECTED
t1-0,proof_byte,504,xor01_fromd0,DESERIALIZE_REJECTED
t1-0,proof_byte,505,xor01_from21,VERIFY_REJECTED
t1-0,proof_byte,506,xor01_from45,DESERIALIZE_REJECTED
t1-0,proof_byte,507,xor01_froma1,VERIFY_REJECTED
t1-0,proof_byte,508,xor01_from19,VERIFY_REJECTED
t1-0,proof_byte,509,xor01_fromd8,VERIFY_REJECTED
t1-0,proof_byte,510,xor01_from74,DESERIALIZE_REJECTED
t1-0,proof_byte,511,xor01_from7b,VERIFY_REJECTED
t1-0,proof_byte,512,xor01_fromd8,VERIFY_REJECTED
t1-0,proof_byte,513,xor01_fromca,VERIFY_REJECTED
t1-0,proof_byte,514,xor01_fromdd,VERIFY_REJECTED
t1-0,proof_byte,515,xor01_fromea,VERIFY_REJECTED
t1-0,proof_byte,516,xor01_from1a,VERIFY_REJECTED
t1-0,proof_byte,517,xor01_fromad,VERIFY_REJECTED
t1-0,proof_byte,518,xor01_fromc3,VERIFY_REJECTED
t1-0,proof_byte,519,xor01_from00,VERIFY_REJECTED
t1-0,proof_byte,520,xor01_fromb8,VERIFY_REJECTED
t1-0,proof_byte,521,xor01_from35,VERIFY_REJECTED
t1-0,proof_byte,522,xor01_from64,VERIFY_REJECTED
t1-0,proof_byte,523,xor01_from50,VERIFY_REJECTED
t1-0,proof_byte,524,xor01_fromd4,VERIFY_REJECTED
t1-0,proof_byte,525,xor01_fromfb,VERIFY_REJECTED
t1-0,proof_byte,526,xor01_from5a,VERIFY_REJECTED
t1-0,proof_byte,527,xor01_from02,VERIFY_REJECTED
t1-0,proof_byte,528,xor01_from38,VERIFY_REJECTED
t1-0,proof_byte,529,xor01_fromd7,VERIFY_REJECTED
t1-0,proof_byte,530,xor01_from52,VERIFY_REJECTED
t1-0,proof_byte,531,xor01_from8e,VERIFY_REJECTED
t1-0,proof_byte,532,xor01_from59,VERIFY_REJECTED
t1-0,proof_byte,533,xor01_from4d,VERIFY_REJECTED
t1-0,proof_byte,534,xor01_from7c,VERIFY_REJECTED
t1-0,proof_byte,535,xor01_fromca,VERIFY_REJECTED
t1-0,proof_byte,536,xor01_from63,VERIFY_REJECTED
t1-0,proof_byte,537,xor01_from9d,VERIFY_REJECTED
t1-0,proof_byte,538,xor01_fromc1,VERIFY_REJECTED
t1-0,proof_byte,539,xor01_from65,VERIFY_REJECTED
t1-0,proof_byte,540,xor01_from6c,VERIFY_REJECTED
t1-0,proof_byte,541,xor01_fromfd,VERIFY_REJECTED
t1-0,proof_byte,542,xor01_fromff,VERIFY_REJECTED
t1-0,proof_byte,543,xor01_from57,VERIFY_REJECTED
t1-0,proof_byte,544,xor01_from25,VERIFY_REJECTED
t1-0,proof_byte,545,xor01_from9e,VERIFY_REJECTED
t1-0,proof_byte,546,xor01_from8e,VERIFY_REJECTED
t1-0,proof_byte,547,xor01_fromee,VERIFY_REJECTED
t1-0,proof_byte,548,xor01_from00,DESERIALIZE_REJECTED
t1-0,proof_byte,549,xor01_from00,DESERIALIZE_REJECTED
t1-0,proof_byte,550,xor01_from00,DESERIALIZE_REJECTED
t1-0,proof_byte,551,xor01_from01,VERIFY_REJECTED
t1-0,proof_byte,552,xor01_fromdc,VERIFY_REJECTED
t1-0,proof_byte,553,xor01_from3c,VERIFY_REJECTED
t1-0,proof_byte,554,xor01_fromaf,VERIFY_REJECTED
t1-0,proof_byte,555,xor01_fromfe,VERIFY_REJECTED
t1-0,proof_byte,556,xor01_fromd3,VERIFY_REJECTED
t1-0,proof_byte,557,xor01_from85,DESERIALIZE_REJECTED
t1-0,proof_byte,558,xor01_from05,VERIFY_REJECTED
t1-0,proof_byte,559,xor01_from11,DESERIALIZE_REJECTED
t1-0,proof_byte,560,xor01_from5a,DESERIALIZE_REJECTED
t1-0,proof_byte,561,xor01_from9f,DESERIALIZE_REJECTED
t1-0,proof_byte,562,xor01_fromf2,VERIFY_REJECTED
t1-0,proof_byte,563,xor01_from95,VERIFY_REJECTED
t1-0,proof_byte,564,xor01_from91,DESERIALIZE_REJECTED
t1-0,proof_byte,565,xor01_from55,VERIFY_REJECTED
t1-0,proof_byte,566,xor01_fromca,VERIFY_REJECTED
t1-0,proof_byte,567,xor01_frome4,VERIFY_REJECTED
t1-0,proof_byte,568,xor01_from2e,VERIFY_REJECTED
t1-0,proof_byte,569,xor01_fromcb,VERIFY_REJECTED
t1-0,proof_byte,570,xor01_from8b,DESERIALIZE_REJECTED
t1-0,proof_byte,571,xor01_from1c,VERIFY_REJECTED
t1-0,proof_byte,572,xor01_fromac,DESERIALIZE_REJECTED
t1-0,proof_byte,573,xor01_from00,DESERIALIZE_REJECTED
t1-0,proof_byte,574,xor01_from17,VERIFY_REJECTED
t1-0,proof_byte,575,xor01_from67,DESERIALIZE_REJECTED
t1-0,proof_byte,576,xor01_fromef,VERIFY_REJECTED
t1-0,proof_byte,577,xor01_fromef,VERIFY_REJECTED
t1-0,proof_byte,578,xor01_froma1,DESERIALIZE_REJECTED
t1-0,proof_byte,579,xor01_fromd2,VERIFY_REJECTED
t1-0,proof_byte,580,xor01_from38,VERIFY_REJECTED
t1-0,proof_byte,581,xor01_fromde,DESERIALIZE_REJECTED
t1-0,proof_byte,582,xor01_from4a,VERIFY_REJECTED
t1-0,proof_byte,583,xor01_from13,DESERIALIZE_REJECTED
