label,task,backend,regime,gadget,threads,nb_tasks,gogc,gomemlimit,warmup,reps,status,real_s,user_s,sys_s,cpu_ratio,peak_rss_bytes,peak_footprint_bytes,involuntary_ctx_switches,compile_ms,setup_ms,srs_ms,pk_bytes,vk_bytes,constraints,domain_cardinality,internal_vars,secret_vars,public_vars,relus,max_abs_intermediate,prove_ms_median,prove_ms_min,prove_ms_max,verify_ms_median,proof_bytes,proof_bytes_raw,mono_s,wall_s,slept_s,sleep_verdict,loadavg_1m,swap_used_mb,started_utc
t1-0-groth16-rA-t10-gdefault-moff-nt0-n5,t1-0,groth16,A,hintedsign,10,0,default,off,1,5,OK,18.85,118.48,1.13,6.3454,620822528,618906608,160548,309.933,14110.240,,44740553,8688,197763,262144,197763,65792,257,0,265403,662.513,654.559,673.977,2.132,196,388,18.892,18.890,-0.002,OK,33.19,8249.81,2026-08-24T18:16:43Z
t2-groth16-rA-t10-gdefault-moff-nt0-n5,t2,groth16,A,hintedsign,10,0,default,off,1,5,OK,28.68,183.30,1.83,6.4550,1048838144,1040696592,287261,400.327,21503.941,,68915955,528,283408,524288,285967,92424,2,448,14623789560139,1113.879,1065.266,1192.851,1.920,196,388,28.720,28.720,-0.001,OK,30.96,8249.81,2026-08-24T18:17:02Z
t1-a-groth16-rA-t10-gdefault-moff-nt0-n3,t1-a,groth16,A,hintedsign,10,0,default,off,1,3,OK,163.68,1064.75,8.80,6.5588,4216537088,4212641248,1268542,2831.332,137285.262,,393253967,25072,1774726,2097152,1774214,590592,769,0,532359,5771.056,5730.811,5845.812,2.753,196,388,163.722,163.723,0.001,OK,30.28,8249.81,2026-08-24T18:17:31Z
t3-groth16-rA-t10-gdefault-moff-nt0-n3,t3,groth16,A,hintedsign,10,0,default,off,1,3,OK,48.29,320.25,2.41,6.6817,1807138816,1801307960,354583,1707.309,38581.267,,136454535,752,973058,1048576,991738,93824,9,3584,19286700869800,1941.312,1913.918,1968.736,1.881,196,388,48.333,48.333,0.000,OK,42.15,8241.81,2026-08-24T18:20:15Z
t1-b-groth16-rA-t10-gdefault-moff-nt0-n1,t1-b,groth16,A,hintedsign,10,0,default,off,0,1,OK,177.12,1168.08,8.16,6.6409,5413879808,5410623760,1256116,6709.727,161892.141,,578425015,98800,3555722,4194304,3552906,592896,3073,0,602681,7773.408,7773.408,7773.408,3.965,196,388,177.165,177.166,0.001,OK,39.35,8241.81,2026-08-24T18:21:04Z
t1-c-groth16-rA-t10-gdefault-moff-nt0-n1,t1-c,groth16,A,hintedsign,10,0,default,off,0,1,OK,403.86,2723.53,33.53,6.8268,6960726016,18867500880,3702531,22484.151,355142.902,,1453343515,393712,10679708,16777216,10667676,602112,12289,0,599015,22667.542,22667.542,22667.542,8.255,196,388,403.922,403.925,0.003,OK,37.45,8241.81,2026-08-24T18:24:05Z
t1-0-plonk-rA-t10-gdefault-moff-nt0-n5,t1-0,plonk,A,hintedsign,10,0,default,off,1,5,OK,72.74,525.65,5.93,7.3079,2617507840,2611661200,1001195,244.793,2105.556,16060.216,67143352,34384,526592,1048576,460543,65792,256,0,265403,9016.392,8836.669,9104.699,1.732,584,904,72.791,72.792,0.001,OK,6.46,39826.38,2026-08-24T18:51:03Z
t2-plonk-rA-t10-gdefault-moff-nt0-n5,t2,plonk,A,hintedsign,10,0,default,off,1,5,OK,75.90,548.81,4.80,7.2939,2763800576,2707212760,739000,320.719,2397.169,14940.496,67143352,34384,758448,1048576,665126,92424,1,448,14623789560139,9653.859,9525.017,10019.643,1.608,584,904,75.940,75.941,0.001,OK,25.21,12673.94,2026-08-24T18:52:16Z
t1-a-plonk-rA-t10-gdefault-moff-nt0-n3,t1-a,plonk,A,hintedsign,10,0,default,off,1,3,OK,508.12,3221.28,59.18,6.4561,12532776960,16806261168,4622010,2244.020,15455.666,119740.199,536905400,34384,4723968,8388608,4132607,590592,768,0,532359,95125.691,88256.540,113894.516,3.348,584,904,508.182,508.186,0.004,OK,29.94,12076.81,2026-08-24T18:53:32Z
t3-plonk-rA-t10-gdefault-moff-nt0-n3,t3,plonk,A,hintedsign,10,0,default,off,1,3,OK,219.96,1567.49,13.30,7.1867,8759066624,8733137544,1707464,935.480,7947.716,64169.548,268469944,34384,2188800,4194304,2087799,93824,8,3584,19286700869800,36660.758,36012.439,36828.193,1.613,584,904,220.021,220.019,-0.002,OK,61.33,16343.94,2026-08-24T19:02:01Z
t1-b-plonk-rA-t10-gdefault-moff-nt0-n1,t1-b,plonk,A,hintedsign,10,0,default,off,0,1,OK,219.13,1635.02,19.22,7.5491,10400301056,14529440472,1631102,3957.907,16042.903,121966.534,536905400,34384,8276736,8388608,7680767,592896,3072,0,602681,75842.925,75842.925,75842.925,2.825,584,904,219.190,219.191,0.001,OK,62.82,13760.00,2026-08-24T19:05:41Z
t1-0-groth16-rB-t10-gdefault-moff-nt0-n5,t1-0,groth16,B,hintedsign,10,0,default,off,1,5,OK,0.33,1.01,0.05,3.2121,23478272,17891928,11123,160.994,98.107,,224935,8688,1026,2048,1026,256,257,0,265403,10.352,8.720,10.783,2.054,196,388,0.371,0.371,0.000,OK,84.46,15460.81,2026-08-24T19:09:22Z
t2-groth16-rB-t10-gdefault-moff-nt0-n5,t2,groth16,B,hintedsign,10,0,default,off,1,5,OK,1.03,4.92,0.07,4.8447,43941888,35340840,13566,203.184,540.887,,1478761,528,6555,8192,9114,200,2,448,14623789560139,42.338,41.567,43.177,1.814,196,388,1.065,1.065,0.000,OK,84.46,15460.81,2026-08-24T19:09:23Z
t1-a-groth16-rB-t10-gdefault-moff-nt0-n5,t1-a,groth16,B,hintedsign,10,0,default,off,1,5,OK,1.85,4.09,0.23,2.3351,43237376,37552704,54637,1379.595,287.114,,740041,25072,4099,8192,3587,768,769,0,532359,27.083,26.135,27.783,2.440,196,388,1.884,1.884,0.000,OK,84.46,15460.81,2026-08-24T19:09:24Z
t3-groth16-rB-t10-gdefault-moff-nt0-n5,t3,groth16,B,hintedsign,10,0,default,off,1,5,OK,5.86,28.10,0.28,4.8430,206323712,200377040,42752,1398.508,3173.095,,9370523,752,41724,65536,54004,1600,9,3584,19286700869800,200.163,190.341,202.477,1.866,196,388,5.897,5.897,0.000,OK,79.86,15428.81,2026-08-24T19:09:26Z
t1-b-groth16-rB-t10-gdefault-moff-nt0-n5,t1-b,groth16,B,hintedsign,10,0,default,off,1,5,OK,6.51,13.00,0.48,2.0707,101466112,95650416,94849,4950.627,1101.610,,2291571,98800,15624,16384,12808,3072,3073,0,602681,69.586,61.598,73.721,4.259,196,388,6.547,6.547,0.000,OK,74.50,15260.81,2026-08-24T19:09:32Z
t1-c-groth16-rB-t10-gdefault-moff-nt0-n5,t1-c,groth16,B,hintedsign,10,0,default,off,1,5,OK,22.55,47.99,0.79,2.1632,340803584,334463768,133490,18246.957,3046.750,,8989143,393712,61722,65536,49690,12288,12289,0,599015,194.887,192.622,196.972,7.738,196,388,22.588,22.588,0.000,OK,70.14,14772.69,2026-08-24T19:09:39Z
t1-d-groth16-rB-t10-gdefault-moff-nt0-n5,t1-d,groth16,B,hintedsign,10,0,default,off,1,5,OK,87.76,188.35,2.19,2.1711,1248657408,1243202976,302274,71520.890,11581.691,,35779431,1573360,246114,262144,197218,49152,49153,0,614632,722.903,710.538,746.573,21.201,196,388,87.791,87.791,0.001,OK,49.46,14331.06,2026-08-24T19:10:01Z
t1-0-plonk-rB-t10-gdefault-moff-nt0-n5,t1-0,plonk,B,hintedsign,10,0,default,off,1,5,OK,8.91,65.87,0.46,7.4444,337018880,330973976,61768,41.914,326.914,1785.909,8423096,34384,67592,131072,67079,256,256,0,265403,1119.356,1113.196,1131.700,1.580,584,904,8.945,8.946,0.000,OK,22.87,14139.06,2026-08-24T19:11:29Z
t2-plonk-rB-t10-gdefault-moff-nt0-n5,t2,plonk,B,hintedsign,10,0,default,off,1,5,OK,10.09,74.17,0.54,7.4044,359284736,344326960,75854,62.685,353.315,1840.332,8423096,34384,110950,131072,109852,200,1,448,14623789560139,1288.642,1286.892,1311.232,1.550,584,904,10.120,10.120,0.000,OK,22.56,14139.06,2026-08-24T19:11:38Z
t1-a-plonk-rB-t10-gdefault-moff-nt0-n5,t1-a,plonk,B,hintedsign,10,0,default,off,1,5,OK,67.59,516.55,3.54,7.6948,2773057536,2767636976,472924,382.197,2099.107,14493.734,67143352,34384,592927,1048576,591390,768,768,0,532359,8416.401,8400.087,8457.545,1.803,584,904,67.626,67.627,0.000,OK,22.77,14139.06,2026-08-24T19:11:49Z
t3-plonk-rB-t10-gdefault-moff-nt0-n5,t3,plonk,B,hintedsign,10,0,default,off,1,5,OK,68.96,527.12,3.56,7.6955,2513403904,2471708952,487001,474.013,2317.298,14206.229,67143352,34384,853672,1048576,844895,1600,8,3584,19286700869800,8616.147,8603.291,8663.532,1.526,584,904,69.001,69.001,0.000,OK,26.86,13899.06,2026-08-24T19:12:57Z
t1-0-groth16-rA-t1-gdefault-moff-nt0-n5,t1-0,groth16,A,hintedsign,1,0,default,off,1,5,OK,109.10,108.07,0.75,0.9974,566853632,558908352,65763,404.709,81315.308,,44740553,8688,197763,262144,197763,65792,257,0,265403,4547.620,4506.984,4563.367,3.579,196,388,109.131,109.131,0.001,OK,27.82,13795.06,2026-08-24T19:14:06Z
t2-groth16-rA-t1-gdefault-moff-nt0-n5,t2,groth16,A,hintedsign,1,0,default,off,1,5,OK,165.34,163.91,1.04,0.9976,911654912,906052784,93451,554.856,122497.326,,68915955,528,283408,524288,285967,92424,2,448,14623789560139,7037.944,7018.635,7049.655,2.367,196,388,165.373,165.374,0.001,OK,8.31,12212.94,2026-08-24T19:15:55Z
t1-0-groth16-rA-t2-gdefault-moff-nt0-n5,t1-0,groth16,A,hintedsign,2,0,default,off,1,5,OK,56.61,108.18,0.57,1.9210,581271552,575882200,61995,309.472,42188.922,,44740553,8688,197763,262144,197763,65792,257,0,265403,2336.735,2330.378,2342.722,2.536,196,388,56.641,56.642,0.000,OK,6.04,12085.00,2026-08-24T19:18:41Z
t2-groth16-rA-t2-gdefault-moff-nt0-n5,t2,groth16,A,hintedsign,2,0,default,off,1,5,OK,87.52,166.61,0.92,1.9142,1043005440,1032520976,91440,422.416,65110.907,,68915955,528,283408,524288,285967,92424,2,448,14623789560139,3649.255,3621.270,3656.348,1.844,196,388,87.561,87.562,0.001,OK,6.23,12053.00,2026-08-24T19:19:37Z
t1-0-groth16-rA-t4-gdefault-moff-nt0-n5,t1-0,groth16,A,hintedsign,4,0,default,off,1,5,OK,30.92,109.53,0.48,3.5579,624852992,619332568,53342,290.305,23182.753,,44740553,8688,197763,262144,197763,65792,257,0,265403,1221.242,1216.905,1255.466,2.341,196,388,30.959,30.959,0.000,OK,5.84,12045.00,2026-08-24T19:21:05Z
t2-groth16-rA-t4-gdefault-moff-nt0-n5,t2,groth16,A,hintedsign,4,0,default,off,1,5,OK,46.93,167.91,0.72,3.5932,1069072384,1063109928,75419,399.699,35062.571,,68915955,528,283408,524288,285967,92424,2,448,14623789560139,1898.764,1880.355,1899.124,1.829,196,388,46.966,46.967,0.000,OK,5.97,12045.00,2026-08-24T19:21:36Z
t1-0-groth16-rA-t10-g400-moff-nt0-n3,t1-0,groth16,A,hintedsign,10,0,400,off,1,3,OK,16.45,107.41,0.73,6.5739,1234731008,1229817248,89804,273.893,13409.850,,44740553,8688,197763,262144,197763,65792,257,0,265403,679.012,658.611,680.656,2.074,196,388,16.482,16.482,0.000,OK,6.91,12029.00,2026-08-24T19:22:23Z
t1-0-groth16-rA-t10-g100-moff-nt0-n3,t1-0,groth16,A,hintedsign,10,0,100,off,1,3,OK,16.44,107.58,0.67,6.5845,607698944,602194928,91977,293.013,13397.538,,44740553,8688,197763,262144,197763,65792,257,0,265403,672.413,654.668,681.554,2.113,196,388,16.477,16.477,0.000,OK,14.58,12021.00,2026-08-24T19:22:40Z
t1-0-groth16-rA-t10-g50-moff-nt0-n3,t1-0,groth16,A,hintedsign,10,0,50,off,1,3,OK,16.68,107.49,0.69,6.4856,456605696,441123704,95193,309.403,13581.571,,44740553,8688,197763,262144,197763,65792,257,0,265403,683.125,667.789,689.900,2.165,196,388,16.715,16.715,0.000,OK,17.78,12021.00,2026-08-24T19:22:57Z
t1-0-groth16-rA-t10-g25-moff-nt0-n3,t1-0,groth16,A,hintedsign,10,0,25,off,1,3,OK,16.61,108.14,0.76,6.5563,383926272,373670752,103096,378.180,13474.559,,44740553,8688,197763,262144,197763,65792,257,0,265403,682.180,664.843,684.195,2.292,196,388,16.645,16.646,0.000,OK,21.32,12005.00,2026-08-24T19:23:14Z
t1-0-groth16-rA-t10-gdefault-m2GiB-nt0-n3,t1-0,groth16,A,hintedsign,10,0,default,2GiB,1,3,OK,16.46,107.62,0.68,6.5796,623837184,618464264,92755,291.705,13450.195,,44740553,8688,197763,262144,197763,65792,257,0,265403,654.778,653.253,658.413,2.099,196,388,16.494,16.494,0.000,OK,22.81,11997.00,2026-08-24T19:23:30Z
t1-0-groth16-rA-t10-gdefault-moff-nt1-n3,t1-0,groth16,A,hintedsign,10,1,default,off,1,3,OK,16.48,107.55,0.65,6.5655,556646400,551191488,90107,288.351,13416.250,,44740553,8688,197763,262144,197763,65792,257,0,265403,675.330,674.197,681.038,2.138,196,388,16.518,16.518,0.000,OK,26.19,11981.00,2026-08-24T19:23:47Z
t1-0-groth16-rA-t10-gdefault-moff-nt2-n3,t1-0,groth16,A,hintedsign,10,2,default,off,1,3,OK,16.37,107.74,0.67,6.6225,670957568,663766024,91199,283.920,13361.135,,44740553,8688,197763,262144,197763,65792,257,0,265403,666.290,661.723,672.695,2.074,196,388,16.408,16.408,0.000,OK,30.79,11981.00,2026-08-24T19:24:04Z
t1-0-groth16-rA-t10-gdefault-moff-nt4-n3,t1-0,groth16,A,hintedsign,10,4,default,off,1,3,OK,16.47,107.98,0.68,6.5974,612253696,606913520,94447,295.361,13405.993,,44740553,8688,197763,262144,197763,65792,257,0,265403,672.995,651.944,703.406,2.164,196,388,16.510,16.510,0.000,OK,30.11,11981.00,2026-08-24T19:24:20Z
t1-0-groth16-rA-t10-gdefault-moff-nt10-n3,t1-0,groth16,A,hintedsign,10,10,default,off,1,3,OK,16.40,108.00,0.69,6.6274,644038656,638632968,99007,291.800,13357.168,,44740553,8688,197763,262144,197763,65792,257,0,265403,665.160,660.254,672.093,2.062,196,388,16.434,16.434,0.000,OK,31.19,11981.00,2026-08-24T19:24:37Z
