label,backend,regime,gadget,status,macs,macs_emitted,relus,max_abs_intermediate,static_worst_case,relu_bits,constraints,internal_vars,secret,public,coefficients,instructions,domain_derived,domain_derived_from,padding_ratio,constraints_per_mac,compile_ms,go_heap_alloc_bytes,go_sys_bytes,msg
t1-0,groth16,A,hintedsign,OK,65536,65536,0,265403,4194304,-,197763,197763,65792,257,512,263559,262144,fft.NewDomain(nbConstraints),1.3255,3.0176,302.690,145807512,169376056,
t1-0,groth16,B,hintedsign,OK,65536,65536,0,265403,4194304,-,1026,1026,256,257,512,1286,2048,fft.NewDomain(nbConstraints),1.9961,0.0157,170.148,2473656,14489880,
t1-0,plonk,A,hintedsign,OK,65536,65536,0,265403,4194304,-,526592,460543,65792,256,512,592388,1048576,fft.NewDomain(nbConstraints+nbPublic),1.9903,8.0352,221.759,110935464,187705640,
t1-0,plonk,B,hintedsign,OK,65536,65536,0,265403,4194304,-,67592,67079,256,256,512,67852,131072,fft.NewDomain(nbConstraints+nbPublic),1.9318,1.0314,42.686,11988072,26708232,
t2,groth16,A,hintedsign,OK,92224,92224,448,14623789560139,14411518807585587200,L0:19(max=255443)|L1:29(max=151720706)|L2:38(max=81075383855),283408,285967,92424,2,515,377180,524288,fft.NewDomain(nbConstraints),1.8499,3.0730,406.928,185676976,237189432,
t2,groth16,B,hintedsign,OK,92224,92224,448,14623789560139,14411518807585587200,L0:19(max=255443)|L1:29(max=151720706)|L2:38(max=81075383855),6555,9114,200,2,515,8103,8192,fft.NewDomain(nbConstraints),1.2497,0.0711,220.886,24685976,44566792,
t2,plonk,A,hintedsign,OK,92224,92224,448,14623789560139,14411518807585587200,L0:19(max=255443)|L1:29(max=151720706)|L2:38(max=81075383855),758448,665126,92424,1,515,852220,1048576,fft.NewDomain(nbConstraints+nbPublic),1.3825,8.2240,322.439,241418944,289048904,
t2,plonk,B,hintedsign,OK,92224,92224,448,14623789560139,14411518807585587200,L0:19(max=255443)|L1:29(max=151720706)|L2:38(max=81075383855),110950,109852,200,1,2050,112498,131072,fft.NewDomain(nbConstraints+nbPublic),1.1814,1.2030,71.191,15822408,35428632,
t1-a,groth16,A,hintedsign,OK,589824,589824,0,532359,12582912,-,1774726,1774214,590592,769,512,2365322,2097152,fft.NewDomain(nbConstraints),1.1817,3.0089,2739.037,916228384,1436728920,
t1-a,groth16,B,hintedsign,OK,589824,589824,0,532359,12582912,-,4099,3587,768,769,512,4871,8192,fft.NewDomain(nbConstraints),1.9985,0.0069,1547.284,9187328,40392984,
t1-a,plonk,A,hintedsign,OK,589824,589824,0,532359,12582912,-,4723968,4132607,590592,768,512,5314564,8388608,fft.NewDomain(nbConstraints+nbPublic),1.7755,8.0091,2261.873,915319232,1598071432,
t1-a,plonk,B,hintedsign,OK,589824,589824,0,532359,12582912,-,592927,591390,768,768,512,593699,1048576,fft.NewDomain(nbConstraints+nbPublic),1.7662,1.0053,410.031,78851696,141469992,
t3,groth16,A,hintedsign,OK,737792,737792,3584,19286700869800,14411518807585587200,L0:20(max=315857)|L1:29(max=232370952)|L2:38(max=111810754416),973058,991738,93824,9,515,1077638,1048576,fft.NewDomain(nbConstraints),1.0776,1.3189,1726.040,424920384,588495256,
t3,groth16,B,hintedsign,OK,737792,737792,3584,19286700869800,14411518807585587200,L0:20(max=315857)|L1:29(max=232370952)|L2:38(max=111810754416),41724,54004,1600,9,2050,54080,65536,fft.NewDomain(nbConstraints),1.5707,0.0566,1415.878,116614096,188705064,
t3,plonk,A,hintedsign,OK,737792,737792,3584,19286700869800,14411518807585587200,L0:20(max=315857)|L1:29(max=232370952)|L2:38(max=111810754416),2188800,2087799,93824,8,515,2293380,4194304,fft.NewDomain(nbConstraints+nbPublic),1.9163,2.9667,1032.103,355941240,631515560,
t3,plonk,B,hintedsign,OK,737792,737792,3584,19286700869800,14411518807585587200,L0:20(max=315857)|L1:29(max=232370952)|L2:38(max=111810754416),853672,844895,1600,8,2050,866028,1048576,fft.NewDomain(nbConstraints+nbPublic),1.2283,1.1571,541.115,122408848,233765176,
t1-b,groth16,A,hintedsign,OK,2359296,2359296,0,602681,12582912,-,3555722,3552906,592896,3073,512,4148622,4194304,fft.NewDomain(nbConstraints),1.1796,1.5071,6735.556,1290717784,1776283336,
t1-b,groth16,B,hintedsign,OK,2359296,2359296,0,602681,12582912,-,15624,12808,3072,3073,512,18700,16384,fft.NewDomain(nbConstraints),1.0486,0.0066,4887.606,31208168,116025640,
t1-b,plonk,A,hintedsign,OK,2359296,2359296,0,602681,12582912,-,8276736,7680767,592896,3072,512,8869636,8388608,fft.NewDomain(nbConstraints+nbPublic),1.0131,3.5081,4025.393,1434352504,2039116568,
t1-b,plonk,B,hintedsign,OK,2359296,2359296,0,602681,12582912,-,2369320,2363175,3072,3072,512,2372396,4194304,fft.NewDomain(nbConstraints+nbPublic),1.7680,1.0042,1544.993,385624304,605854104,
t1-c,groth16,A,hintedsign,OK,9437184,9437184,0,599015,12582912,-,10679708,10667676,602112,12289,512,11281824,16777216,fft.NewDomain(nbConstraints),1.5709,1.1317,22095.580,2096446864,3583242840,
t1-c,groth16,B,hintedsign,OK,9437184,9437184,0,599015,12582912,-,61722,49690,12288,12289,512,74014,65536,fft.NewDomain(nbConstraints),1.0618,0.0065,18367.846,132924072,390437208,
t1-c,plonk,A,hintedsign,OK,9437184,9437184,0,599015,12582912,-,22487808,21873407,602112,12288,512,23089924,33554432,fft.NewDomain(nbConstraints+nbPublic),1.4913,2.3829,12053.647,4064621048,4963287512,
t1-c,plonk,B,hintedsign,OK,9437184,9437184,0,599015,12582912,-,9474768,9450191,12288,12288,512,9487060,16777216,fft.NewDomain(nbConstraints+nbPublic),1.7684,1.0040,6404.441,1543789888,2159403784,
t1-d,groth16,A,hintedsign,OK,37748736,37748736,0,614632,12582912,-,39175652,39126756,638976,49153,512,39814632,67108864,fft.NewDomain(nbConstraints),1.7130,1.0378,86637.923,7367068440,12539213432,
t1-d,groth16,B,hintedsign,OK,37748736,37748736,0,614632,12582912,-,246114,197218,49152,49153,512,295270,262144,fft.NewDomain(nbConstraints),1.0651,0.0065,73521.611,550775416,1412639320,
t1-d,plonk,A,hintedsign,OK,37748736,37748736,0,614632,12582912,-,79332096,78643967,638976,49152,512,79971076,134217728,fft.NewDomain(nbConstraints+nbPublic),1.6908,2.1016,63399.136,7923799832,16141165224,
t1-d,plonk,B,hintedsign,OK,37748736,37748736,0,614632,12582912,-,37899520,37801215,49152,49152,512,37948676,67108864,fft.NewDomain(nbConstraints+nbPublic),1.7684,1.0040,29253.839,6814575512,8443048456,
