label,task,macs,relus_published,backend,regime,gadget,threads,nb_tasks,gogc,gomemlimit,reps,status,constraints,domain_cardinality,padding_ratio,compile_ms,setup_ms,srs_ms,pk_bytes,vk_bytes,prove_ms_median,prove_ms_min,prove_ms_max,verify_ms_median,proof_bytes,proof_bytes_raw,peak_rss_bytes,peak_footprint_bytes,cpu_ratio,max_abs_intermediate,mac_per_s,bytes_per_mac_footprint,bytes_per_mac_rss,constraints_per_mac,bytes_per_constraint_footprint
t1-0-groth16-rA-t10-gdefault-moff-nt0-n5,t1-0,65536,0,groth16,A,hintedsign,10,0,default,off,5,OK,197763,262144,1.3255,309.933,14110.240,,44740553,8688,662.513,654.559,673.977,2.132,196,388,620822528,618906608,6.3454,265403,98920,9443.77,9473.00,3.0176,3129.54
t2-groth16-rA-t10-gdefault-moff-nt0-n5,t2,92224,448,groth16,A,hintedsign,10,0,default,off,5,OK,283408,524288,1.8499,400.327,21503.941,,68915955,528,1113.879,1065.266,1192.851,1.920,196,388,1048838144,1040696592,6.4550,14623789560139,82795,11284.44,11372.72,3.0730,3672.08
t1-a-groth16-rA-t10-gdefault-moff-nt0-n3,t1-a,589824,0,groth16,A,hintedsign,10,0,default,off,3,OK,1774726,2097152,1.1817,2831.332,137285.262,,393253967,25072,5771.056,5730.811,5845.812,2.753,196,388,4216537088,4212641248,6.5588,532359,102204,7142.20,7148.81,3.0089,2373.69
t3-groth16-rA-t10-gdefault-moff-nt0-n3,t3,737792,3584,groth16,A,hintedsign,10,0,default,off,3,OK,973058,1048576,1.0776,1707.309,38581.267,,136454535,752,1941.312,1913.918,1968.736,1.881,196,388,1807138816,1801307960,6.6817,19286700869800,380048,2441.48,2449.39,1.3189,1851.18
t1-b-groth16-rA-t10-gdefault-moff-nt0-n1,t1-b,2359296,0,groth16,A,hintedsign,10,0,default,off,1,OK,3555722,4194304,1.1796,6709.727,161892.141,,578425015,98800,7773.408,7773.408,7773.408,3.965,196,388,5413879808,5410623760,6.6409,602681,303509,2293.32,2294.70,1.5071,1521.67
t1-c-groth16-rA-t10-gdefault-moff-nt0-n1,t1-c,9437184,0,groth16,A,hintedsign,10,0,default,off,1,OK,10679708,16777216,1.5709,22484.151,355142.902,,1453343515,393712,22667.542,22667.542,22667.542,8.255,196,388,6960726016,18867500880,6.8268,599015,416330,1999.27,737.59,1.1317,1766.67
t1-0-plonk-rA-t10-gdefault-moff-nt0-n5,t1-0,65536,0,plonk,A,hintedsign,10,0,default,off,5,OK,526592,1048576,1.9912,244.793,2105.556,16060.216,67143352,34384,9016.392,8836.669,9104.699,1.732,584,904,2617507840,2611661200,7.3079,265403,7269,39850.79,39940.00,8.0352,4959.55
t2-plonk-rA-t10-gdefault-moff-nt0-n5,t2,92224,448,plonk,A,hintedsign,10,0,default,off,5,OK,758448,1048576,1.3825,320.719,2397.169,14940.496,67143352,34384,9653.859,9525.017,10019.643,1.608,584,904,2763800576,2707212760,7.2939,14623789560139,9553,29354.75,29968.34,8.2240,3569.41
t1-a-plonk-rA-t10-gdefault-moff-nt0-n3,t1-a,589824,0,plonk,A,hintedsign,10,0,default,off,3,OK,4723968,8388608,1.7758,2244.020,15455.666,119740.199,536905400,34384,95125.691,88256.540,113894.516,3.348,584,904,12532776960,16806261168,6.4561,532359,6200,28493.69,21248.33,8.0091,3557.66
t3-plonk-rA-t10-gdefault-moff-nt0-n3,t3,737792,3584,plonk,A,hintedsign,10,0,default,off,3,OK,2188800,4194304,1.9163,935.480,7947.716,64169.548,268469944,34384,36660.758,36012.439,36828.193,1.613,584,904,8759066624,8733137544,7.1867,19286700869800,20125,11836.86,11872.00,2.9667,3989.92
t1-b-plonk-rA-t10-gdefault-moff-nt0-n1,t1-b,2359296,0,plonk,A,hintedsign,10,0,default,off,1,OK,8276736,8388608,1.0135,3957.907,16042.903,121966.534,536905400,34384,75842.925,75842.925,75842.925,2.825,584,904,10400301056,14529440472,7.5491,602681,31108,6158.38,4408.22,3.5081,1755.46
t1-0-groth16-rB-t10-gdefault-moff-nt0-n5,t1-0,65536,0,groth16,B,hintedsign,10,0,default,off,5,OK,1026,2048,1.9961,160.994,98.107,,224935,8688,10.352,8.720,10.783,2.054,196,388,23478272,17891928,3.2121,265403,6330757,273.01,358.25,0.0157,17438.53
t2-groth16-rB-t10-gdefault-moff-nt0-n5,t2,92224,448,groth16,B,hintedsign,10,0,default,off,5,OK,6555,8192,1.2497,203.184,540.887,,1478761,528,42.338,41.567,43.177,1.814,196,388,43941888,35340840,4.8447,14623789560139,2178280,383.21,476.47,0.0711,5391.43
t1-a-groth16-rB-t10-gdefault-moff-nt0-n5,t1-a,589824,0,groth16,B,hintedsign,10,0,default,off,5,OK,4099,8192,1.9985,1379.595,287.114,,740041,25072,27.083,26.135,27.783,2.440,196,388,43237376,37552704,2.3351,532359,21778385,63.67,73.31,0.0069,9161.43
t3-groth16-rB-t10-gdefault-moff-nt0-n5,t3,737792,3584,groth16,B,hintedsign,10,0,default,off,5,OK,41724,65536,1.5707,1398.508,3173.095,,9370523,752,200.163,190.341,202.477,1.866,196,388,206323712,200377040,4.8430,19286700869800,3685956,271.59,279.65,0.0566,4802.44
t1-b-groth16-rB-t10-gdefault-moff-nt0-n5,t1-b,2359296,0,groth16,B,hintedsign,10,0,default,off,5,OK,15624,16384,1.0486,4950.627,1101.610,,2291571,98800,69.586,61.598,73.721,4.259,196,388,101466112,95650416,2.0707,602681,33904751,40.54,43.01,0.0066,6122.02
t1-c-groth16-rB-t10-gdefault-moff-nt0-n5,t1-c,9437184,0,groth16,B,hintedsign,10,0,default,off,5,OK,61722,65536,1.0618,18246.957,3046.750,,8989143,393712,194.887,192.622,196.972,7.738,196,388,340803584,334463768,2.1632,599015,48423876,35.44,36.11,0.0065,5418.87
t1-d-groth16-rB-t10-gdefault-moff-nt0-n5,t1-d,37748736,0,groth16,B,hintedsign,10,0,default,off,5,OK,246114,262144,1.0651,71520.890,11581.691,,35779431,1573360,722.903,710.538,746.573,21.201,196,388,1248657408,1243202976,2.1711,614632,52218259,32.93,33.08,0.0065,5051.33
t1-0-plonk-rB-t10-gdefault-moff-nt0-n5,t1-0,65536,0,plonk,B,hintedsign,10,0,default,off,5,OK,67592,131072,1.9392,41.914,326.914,1785.909,8423096,34384,1119.356,1113.196,1131.700,1.580,584,904,337018880,330973976,7.4444,265403,58548,5050.26,5142.50,1.0314,4896.64
t2-plonk-rB-t10-gdefault-moff-nt0-n5,t2,92224,448,plonk,B,hintedsign,10,0,default,off,5,OK,110950,131072,1.1814,62.685,353.315,1840.332,8423096,34384,1288.642,1286.892,1311.232,1.550,584,904,359284736,344326960,7.4044,14623789560139,71567,3733.59,3895.78,1.2030,3103.44
t1-a-plonk-rB-t10-gdefault-moff-nt0-n5,t1-a,589824,0,plonk,B,hintedsign,10,0,default,off,5,OK,592927,1048576,1.7685,382.197,2099.107,14493.734,67143352,34384,8416.401,8400.087,8457.545,1.803,584,904,2773057536,2767636976,7.6948,532359,70080,4692.31,4701.50,1.0053,4667.75
t3-plonk-rB-t10-gdefault-moff-nt0-n5,t3,737792,3584,plonk,B,hintedsign,10,0,default,off,5,OK,853672,1048576,1.2283,474.013,2317.298,14206.229,67143352,34384,8616.147,8603.291,8663.532,1.526,584,904,2513403904,2471708952,7.6955,19286700869800,85629,3350.14,3406.66,1.1571,2895.38
t1-0-groth16-rA-t1-gdefault-moff-nt0-n5,t1-0,65536,0,groth16,A,hintedsign,1,0,default,off,5,OK,197763,262144,1.3255,404.709,81315.308,,44740553,8688,4547.620,4506.984,4563.367,3.579,196,388,566853632,558908352,0.9974,265403,14411,8528.26,8649.50,3.0176,2826.15
t2-groth16-rA-t1-gdefault-moff-nt0-n5,t2,92224,448,groth16,A,hintedsign,1,0,default,off,5,OK,283408,524288,1.8499,554.856,122497.326,,68915955,528,7037.944,7018.635,7049.655,2.367,196,388,911654912,906052784,0.9976,14623789560139,13104,9824.48,9885.22,3.0730,3196.99
t1-0-groth16-rA-t2-gdefault-moff-nt0-n5,t1-0,65536,0,groth16,A,hintedsign,2,0,default,off,5,OK,197763,262144,1.3255,309.472,42188.922,,44740553,8688,2336.735,2330.378,2342.722,2.536,196,388,581271552,575882200,1.9210,265403,28046,8787.27,8869.50,3.0176,2911.98
t2-groth16-rA-t2-gdefault-moff-nt0-n5,t2,92224,448,groth16,A,hintedsign,2,0,default,off,5,OK,283408,524288,1.8499,422.416,65110.907,,68915955,528,3649.255,3621.270,3656.348,1.844,196,388,1043005440,1032520976,1.9142,14623789560139,25272,11195.79,11309.48,3.0730,3643.23
t1-0-groth16-rA-t4-gdefault-moff-nt0-n5,t1-0,65536,0,groth16,A,hintedsign,4,0,default,off,5,OK,197763,262144,1.3255,290.305,23182.753,,44740553,8688,1221.242,1216.905,1255.466,2.341,196,388,624852992,619332568,3.5579,265403,53663,9450.27,9534.50,3.0176,3131.69
t2-groth16-rA-t4-gdefault-moff-nt0-n5,t2,92224,448,groth16,A,hintedsign,4,0,default,off,5,OK,283408,524288,1.8499,399.699,35062.571,,68915955,528,1898.764,1880.355,1899.124,1.829,196,388,1069072384,1063109928,3.5932,14623789560139,48571,11527.48,11592.13,3.0730,3751.16
t1-0-groth16-rA-t10-g400-moff-nt0-n3,t1-0,65536,0,groth16,A,hintedsign,10,0,400,off,3,OK,197763,262144,1.3255,273.893,13409.850,,44740553,8688,679.012,658.611,680.656,2.074,196,388,1234731008,1229817248,6.5739,265403,96517,18765.52,18840.50,3.0176,6218.64
t1-0-groth16-rA-t10-g100-moff-nt0-n3,t1-0,65536,0,groth16,A,hintedsign,10,0,100,off,3,OK,197763,262144,1.3255,293.013,13397.538,,44740553,8688,672.413,654.668,681.554,2.113,196,388,607698944,602194928,6.5845,265403,97464,9188.77,9272.75,3.0176,3045.03
t1-0-groth16-rA-t10-g50-moff-nt0-n3,t1-0,65536,0,groth16,A,hintedsign,10,0,50,off,3,OK,197763,262144,1.3255,309.403,13581.571,,44740553,8688,683.125,667.789,689.900,2.165,196,388,456605696,441123704,6.4856,265403,95936,6731.01,6967.25,3.0176,2230.57
t1-0-groth16-rA-t10-g25-moff-nt0-n3,t1-0,65536,0,groth16,A,hintedsign,10,0,25,off,3,OK,197763,262144,1.3255,378.180,13474.559,,44740553,8688,682.180,664.843,684.195,2.292,196,388,383926272,373670752,6.5563,265403,96068,5701.76,5858.25,3.0176,1889.49
t1-0-groth16-rA-t10-gdefault-m2GiB-nt0-n3,t1-0,65536,0,groth16,A,hintedsign,10,0,default,2GiB,3,OK,197763,262144,1.3255,291.705,13450.195,,44740553,8688,654.778,653.253,658.413,2.099,196,388,623837184,618464264,6.5796,265403,100089,9437.02,9519.00,3.0176,3127.30
t1-0-groth16-rA-t10-gdefault-moff-nt1-n3,t1-0,65536,0,groth16,A,hintedsign,10,1,default,off,3,OK,197763,262144,1.3255,288.351,13416.250,,44740553,8688,675.330,674.197,681.038,2.138,196,388,556646400,551191488,6.5655,265403,97043,8410.51,8493.75,3.0176,2787.13
t1-0-groth16-rA-t10-gdefault-moff-nt2-n3,t1-0,65536,0,groth16,A,hintedsign,10,2,default,off,3,OK,197763,262144,1.3255,283.920,13361.135,,44740553,8688,666.290,661.723,672.695,2.074,196,388,670957568,663766024,6.6225,265403,98360,10128.27,10238.00,3.0176,3356.37
t1-0-groth16-rA-t10-gdefault-moff-nt4-n3,t1-0,65536,0,groth16,A,hintedsign,10,4,default,off,3,OK,197763,262144,1.3255,295.361,13405.993,,44740553,8688,672.995,651.944,703.406,2.164,196,388,612253696,606913520,6.5974,265403,97380,9260.77,9342.25,3.0176,3068.89
t1-0-groth16-rA-t10-gdefault-moff-nt10-n3,t1-0,65536,0,groth16,A,hintedsign,10,10,default,off,3,OK,197763,262144,1.3255,291.800,13357.168,,44740553,8688,665.160,660.254,672.093,2.062,196,388,644038656,638632968,6.6274,265403,98527,9744.77,9827.25,3.0176,3229.28
